,Tickers
0,A
1,AA
2,AAAU
3,AACAY
4,AACG
5,AADR
6,AAGIY
7,AAL
8,AAMC
9,AAME
10,AAN
11,AAOI
12,AAON
13,AAP
14,AAPL
15,AAT
16,AAU
17,AAWW
18,AAXJ
19,AAXN
20,AB
21,ABAX
22,ABB
23,ABBV
24,ABC
25,ABCB
26,ABCD
27,ABDC
28,ABEO
29,ABEQ
30,ABEV
31,ABG
32,ABIO
33,ABM
34,ABMD
35,ABR
36,ABT
37,ABTX
38,ABUS
39,AC
40,ACA
41,ACAD
42,ACAM
43,ACB
44,ACBI
45,ACC
46,ACCO
47,ACEL
48,ACER
49,ACES
50,ACGBY
51,ACGL
52,ACH
53,ACHC
54,ACHN
55,ACHV
56,ACIA
57,ACIO
58,ACIU
59,ACIW
60,ACLS
61,ACM
62,ACMR
63,ACN
64,ACNB
65,ACOR
66,ACP
67,ACRE
68,ACRS
69,ACRX
70,ACSAY
71,ACSG
72,ACSI
73,ACST
74,ACT
75,ACTG
76,ACTT
77,ACU
78,ACV
79,ACWF
80,ACWI
81,ACWV
82,ACWX
83,ACY
84,ADAP
85,ADBE
86,ADC
87,ADCT
88,ADDYY
89,ADES
90,ADI
91,ADIL
92,ADM
93,ADMA
94,ADME
95,ADMP
96,ADMS
97,ADNT
98,ADP
99,ADPT
100,ADRA
101,ADRD
102,ADRE
103,ADRNY
104,ADRO
105,ADRU
106,ADS
107,ADSK
108,ADSW
109,ADT
110,ADTN
111,ADUS
112,ADVM
113,ADX
114,ADXN
115,ADXS
116,AE
117,AEE
118,AEF
119,AEGN
120,AEHR
121,AEIS
122,AEL
123,AEM
124,AEMD
125,AEO
126,AEP
127,AER
128,AERI
129,AES
130,AESE
131,AESR
132,AEY
133,AEYE
134,AEZS
135,AFB
136,AFCB
137,AFG
138,AFH
139,AFI
140,AFIF
141,AFIN
142,AFK
143,AFL
144,AFLG
145,AFMC
146,AFMD
147,AFSM
148,AFT
149,AFTY
150,AFYA
151,AG
152,AGBA
153,AGC
154,AGCO
155,AGD
156,AGE
157,AGEN
158,AGESY
159,AGFS
160,AGG
161,AGGE
162,AGGP
163,AGGY
164,AGI
165,AGIO
166,AGLE
167,AGM
168,AGMH
169,AGN
170,AGNC
171,AGND
172,AGO
173,AGQ
174,AGR
175,AGRO
176,AGRX
177,AGS
178,AGT
179,AGTC
180,AGX
181,AGYS
182,AGZ
183,AGZD
184,AHC
185,AHCO
186,AHEXY
187,AHH
188,AHPI
189,AHT
190,AI
191,AIA
192,AIEQ
193,AIF
194,AIG
195,AIH
196,AIHS
197,AIIQ
198,AIKI
199,AIM
200,AIMC
201,AIMT
202,AIN
203,AINC
204,AINV
205,AIO
206,AIQ
207,AIR
208,AIRG
209,AIRI
210,AIRR
211,AIRT
212,AIT
213,AIV
214,AIZ
215,AJG
216,AJRD
217,AJX
218,AKAM
219,AKBA
220,AKCA
221,AKER
222,AKG
223,AKO.A
224,AKO.B
225,AKR
226,AKRO
227,AKRX
228,AKS
229,AKTS
230,AKTX
231,AL
232,ALAC
233,ALB
234,ALBO
235,ALC
236,ALCO
237,ALDX
238,ALE
239,ALEC
240,ALEX
241,ALFA
242,ALG
243,ALGN
244,ALGR
245,ALGT
246,ALIM
247,ALJJ
248,ALK
249,ALKS
250,ALL
251,ALLE
252,ALLK
253,ALLO
254,ALLT
255,ALLY
256,ALNA
257,ALNY
258,ALO
259,ALOT
260,ALPN
261,ALRM
262,ALRN
263,ALRS
264,ALSK
265,ALSN
266,ALT
267,ALTG
268,ALTM
269,ALTR
270,ALTS
271,ALTY
272,ALUS
273,ALV
274,ALX
275,ALXN
276,ALYA
277,ALZH
278,AM
279,AMADY
280,AMAG
281,AMAL
282,AMAT
283,AMBA
284,AMBC
285,AMBO
286,AMC
287,AMCA
288,AMCI
289,AMCR
290,AMCX
291,AMD
292,AME
293,AMED
294,AMEH
295,AMG
296,AMGN
297,AMH
298,AMHC
299,AMJ
300,AMJL
301,AMK
302,AMKBY
303,AMKR
304,AMLP
305,AMMA
306,AMN
307,AMNB
308,AMOM
309,AMOT
310,AMOV
311,AMP
312,AMPE
313,AMPH
314,AMPY
315,AMRB
316,AMRC
317,AMRH
318,AMRK
319,AMRN
320,AMRS
321,AMRX
322,AMS
323,AMSC
324,AMSF
325,AMSWA
326,AMT
327,AMTB
328,AMTBB
329,AMTD
330,AMTI
331,AMTX
332,AMU
333,AMUB
334,AMWD
335,AMX
336,AMZA
337,AMZN
338,AN
339,ANAB
340,ANAT
341,ANCN
342,ANCX
343,ANDA
344,ANDE
345,ANDV
346,ANET
347,ANF
348,ANGI
349,ANGL
350,ANGO
351,ANH
352,ANIK
353,ANIP
354,ANIX
355,ANSS
356,ANTE
357,ANTM
358,ANVS
359,ANY
360,ANZBY
361,AOA
362,AOBC
363,AOD
364,AOK
365,AOM
366,AON
367,AOR
368,AOS
369,AOSL
370,AP
371,APA
372,APAM
373,APB
374,APD
375,APDN
376,APEI
377,APELY
378,APEN
379,APEX
380,APG
381,APH
382,APHA
383,API
384,APL
385,APLE
386,APLS
387,APLT
388,APM
389,APO
390,APOG
391,APOP
392,APPF
393,APPN
394,APPS
395,APRE
396,APRN
397,APT
398,APTI
399,APTO
400,APTS
401,APTV
402,APTX
403,APVO
404,APWC
405,APXT
406,APY
407,APYX
408,AQB
409,AQMS
410,AQN
411,AQST
412,AQUA
413,AR
414,ARA
415,ARAV
416,ARAY
417,ARB
418,ARC
419,ARCB
420,ARCC
421,ARCE
422,ARCH
423,ARCM
424,ARCO
425,ARCT
426,ARD
427,ARDC
428,ARDS
429,ARDX
430,ARE
431,AREC
432,ARES
433,ARGO
434,ARGT
435,ARGX
436,ARI
437,ARKF
438,ARKG
439,ARKK
440,ARKQ
441,ARKR
442,ARKW
443,ARL
444,ARLO
445,ARLP
446,ARMK
447,ARMP
448,ARMR
449,ARNA
450,ARNC
451,AROC
452,AROW
453,ARPO
454,ARQL
455,ARQT
456,ARR
457,ARTL
458,ARTNA
459,ARTW
460,ARVN
461,ARVR
462,ARW
463,ARWR
464,ARYA
465,ASA
466,ASB
467,ASC
468,ASEA
469,ASET
470,ASFI
471,ASG
472,ASGLY
473,ASGN
474,ASH
475,ASHR
476,ASHS
477,ASHX
478,ASIX
479,ASLN
480,ASM
481,ASMB
482,ASML
483,ASNA
484,ASND
485,ASOMY
486,ASPN
487,ASPS
488,ASPU
489,ASR
490,ASRT
491,ASRV
492,ASTC
493,ASTE
494,ASUR
495,ASX
496,ASYS
497,AT
498,ATAX
499,ATCO
500,ATCX
501,ATEC
502,ATEN
503,ATEX
504,ATGE
505,ATH
506,ATHE
507,ATHM
508,ATHX
509,ATI
510,ATIF
511,ATKR
512,ATLC
513,ATLO
514,ATMP
515,ATNI
516,ATNM
517,ATNX
518,ATO
519,ATOM
520,ATOS
521,ATR
522,ATRA
523,ATRC
524,ATRI
525,ATRO
526,ATRS
527,ATSG
528,ATTO
529,ATTU
530,ATUS
531,ATV
532,ATVI
533,ATXI
534,AU
535,AUB
536,AUBN
537,AUDC
538,AUG
539,AUMN
540,AUPH
541,AUSF
542,AUTL
543,AUTO
544,AUY
545,AVA
546,AVAL
547,AVAV
548,AVB
549,AVCO
550,AVCT
551,AVD
552,AVDE
553,AVDL
554,AVDV
555,AVEM
556,AVEO
557,AVGO
558,AVGR
559,AVH
560,AVHI
561,AVID
562,AVK
563,AVLR
564,AVNS
565,AVNW
566,AVRO
567,AVT
568,AVTR
569,AVUS
570,AVUV
571,AVVIY
572,AVX
573,AVXL
574,AVY
575,AVYA
576,AWAY
577,AWCMY
578,AWF
579,AWH
580,AWI
581,AWK
582,AWP
583,AWR
584,AWRE
585,AWTM
586,AWX
587,AX
588,AXAS
589,AXDX
590,AXE
591,AXGN
592,AXGT
593,AXJL
594,AXL
595,AXLA
596,AXNX
597,AXP
598,AXR
599,AXS
600,AXSM
601,AXTA
602,AXTI
603,AXU
604,AY
605,AYI
606,AYLA
607,AYR
608,AYRO
609,AYTU
610,AYX
611,AZAA
612,AZBA
613,AZEK
614,AZN
615,AZO
616,AZPN
617,AZRE
618,AZRX
619,AZUL
620,AZZ
621,B
622,BA
623,BAB
624,BABA
625,BAC
626,BACHY
627,BAESY
628,BAF
629,BAH
630,BAK
631,BAL
632,BAM
633,BANC
634,BAND
635,BANF
636,BANR
637,BANX
638,BAP
639,BAPR
640,BAR
641,BASI
642,BATL
643,BATRA
644,BATRK
645,BATT
646,BAUG
647,BAX
648,BAYRY
649,BB
650,BBAR
651,BBAX
652,BBBY
653,BBC
654,BBCA
655,BBCP
656,BBD
657,BBDC
658,BBDO
659,BBEU
660,BBF
661,BBGI
662,BBH
663,BBI
664,BBIN
665,BBIO
666,BBJP
667,BBK
668,BBL
669,BBMC
670,BBN
671,BBOX
672,BBP
673,BBQ
674,BBRE
675,BBSA
676,BBSI
677,BBU
678,BBUS
679,BBVA
680,BBW
681,BBX
682,BBY
683,BC
684,BCAUY
685,BCBP
686,BCC
687,BCD
688,BCDA
689,BCE
690,BCEI
691,BCEL
692,BCH
693,BCI
694,BCLI
695,BCM
696,BCML
697,BCO
698,BCOM
699,BCOR
700,BCOV
701,BCOW
702,BCPC
703,BCRH
704,BCRX
705,BCS
706,BCSF
707,BCTF
708,BCV
709,BCX
710,BCYC
711,BDC
712,BDCL
713,BDCS
714,BDCX
715,BDCY
716,BDCZ
717,BDEC
718,BDGE
719,BDJ
720,BDL
721,BDN
722,BDORY
723,BDR
724,BDRBF
725,BDRY
726,BDSI
727,BDTX
728,BDX
729,BE
730,BEAM
731,BEAT
732,BECN
733,BEDU
734,BELFA
735,BELFB
736,BEN
737,BEP
738,BERY
739,BEST
740,BETZ
741,BF.A
742,BF.B
743,BFAM
744,BFC
745,BFEB
746,BFIN
747,BFIT
748,BFK
749,BFO
750,BFOR
751,BFRA
752,BFS
753,BFST
754,BFY
755,BFYT
756,BFZ
757,BG
758,BGB
759,BGCP
760,BGFV
761,BGG
762,BGH
763,BGI
764,BGIO
765,BGNE
766,BGR
767,BGRN
768,BGS
769,BGSF
770,BGT
771,BGX
772,BGY
773,BH.A
774,BH
775,BHAC
776,BHACU
777,BHAT
778,BHB
779,BHC
780,BHE
781,BHF
782,BHK
783,BHLB
784,BHP
785,BHR
786,BHTG
787,BHV
788,BHVN
789,BIB
790,BIBL
791,BICK
792,BIDU
793,BIF
794,BIG
795,BIIB
796,BIL
797,BILI
798,BILL
799,BIMI
800,BIO.B
801,BIO
802,BIOC
803,BIOL
804,BIOS
805,BIOX
806,BIP
807,BIPC
808,BIS
809,BIT
810,BITA
811,BIV
812,BIZD
813,BJ
814,BJAN
815,BJK
816,BJRI
817,BJUL
818,BJUN
819,BK
820,BKAG
821,BKCC
822,BKD
823,BKE
824,BKEM
825,BKEP
826,BKF
827,BKH
828,BKHY
829,BKI
830,BKIE
831,BKK
832,BKLC
833,BKLN
834,BKMC
835,BKN
836,BKNG
837,BKR
838,BKRKY
839,BKSB
840,BKSC
841,BKSE
842,BKT
843,BKTI
844,BKU
845,BKYI
846,BL
847,BLBD
848,BLCM
849,BLCN
850,BLD
851,BLDP
852,BLDR
853,BLE
854,BLES
855,BLFS
856,BLH
857,BLHY
858,BLIN
859,BLK
860,BLKB
861,BLL
862,BLMN
863,BLNK
864,BLOK
865,BLPH
866,BLRX
867,BLU
868,BLUE
869,BLV
870,BLW
871,BLX
872,BMA
873,BMAR
874,BMAY
875,BMCH
876,BME
877,BMEZ
878,BMI
879,BMLP
880,BMO
881,BMRA
882,BMRC
883,BMRG
884,BMRN
885,BMTC
886,BMWYY
887,BMY
888,BND
889,BNDC
890,BNDW
891,BNDX
892,BNED
893,BNFT
894,BNGO
895,BNKD
896,BNKO
897,BNKU
898,BNKZ
899,BNO
900,BNOV
901,BNR
902,BNS
903,BNSO
904,BNTC
905,BNTGY
906,BNTX
907,BNY
908,BOCH
909,BOCT
910,BOE
911,BOH
912,BOIL
913,BOJA
914,BOKF
915,BOMN
916,BOND
917,BOOM
918,BOOT
919,BORR
920,BOSS
921,BOTJ
922,BOTZ
923,BOUT
924,BOX
925,BOXL
926,BP
927,BPFH
928,BPMC
929,BPMP
930,BPMX
931,BPOP
932,BPRN
933,BPT
934,BPTH
935,BPY
936,BPYU
937,BQH
938,BR
939,BRBR
940,BRBS
941,BRC
942,BRDCY
943,BREW
944,BRF
945,BRFS
946,BRG
947,BRID
948,BRK.A
949,BRK.B
950,BRKL
951,BRKR
952,BRKS
953,BRMK
954,BRN
955,BRO
956,BROG
957,BRP
958,BRPA
959,BRPM
960,BRQS
961,BRT
962,BRX
963,BRY
964,BRZU
965,BSAC
966,BSAE
967,BSBE
968,BSBK
969,BSBR
970,BSCE
971,BSCI
972,BSCK
973,BSCL
974,BSCM
975,BSCN
976,BSCO
977,BSCP
978,BSCQ
979,BSCR
980,BSCS
981,BSCT
982,BSD
983,BSDE
984,BSE
985,BSEP
986,BSET
987,BSGM
988,BSIG
989,BSJI
990,BSJK
991,BSJL
992,BSJM
993,BSJN
994,BSJO
995,BSJP
996,BSJQ
997,BSJR
998,BSL
999,BSM
1000,BSML
1001,BSMM
1002,BSMN
1003,BSMO
1004,BSMP
1005,BSMQ
1006,BSMR
1007,BSMS
1008,BSMT
1009,BSMX
1010,BSQR
1011,BSRR
1012,BST
1013,BSTC
1014,BSTZ
1015,BSV
1016,BSVN
1017,BSX
1018,BTA
1019,BTAI
1020,BTAL
1021,BTE
1022,BTEC
1023,BTG
1024,BTI
1025,BTLCY
1026,BTN
1027,BTO
1028,BTT
1029,BTU
1030,BTYS
1031,BTZ
1032,BUD
1033,BUG
1034,BUI
1035,BUL
1036,BURBY
1037,BURG
1038,BURL
1039,BUSE
1040,BUY
1041,BUYN
1042,BUYZ
1043,BV
1044,BVAL
1045,BVN
1046,BVSN
1047,BVXV
1048,BW
1049,BWA
1050,BWAY
1051,BWB
1052,BWEN
1053,BWFG
1054,BWG
1055,BWINA
1056,BWINB
1057,BWL.A
1058,BWMC
1059,BWMX
1060,BWX
1061,BWXT
1062,BWZ
1063,BX
1064,BXBLY
1065,BXC
1066,BXG
1067,BXMT
1068,BXMX
1069,BXP
1070,BXRX
1071,BXS
1072,BY
1073,BYD
1074,BYDDY
1075,BYFC
1076,BYLD
1077,BYM
1078,BYND
1079,BYSI
1080,BZH
1081,BZLFY
1082,BZM
1083,BZQ
1084,BZUN
1085,C
1086,CA
1087,CAAP
1088,CAAS
1089,CABA
1090,CABGY
1091,CABO
1092,CAC
1093,CACC
1094,CACG
1095,CACI
1096,CADE
1097,CAE
1098,CAF
1099,CAG
1100,CAH
1101,CAI
1102,CAJ
1103,CAKE
1104,CAL
1105,CALA
1106,CALB
1107,CALF
1108,CALM
1109,CALT
1110,CALX
1111,CAMP
1112,CAMT
1113,CAN
1114,CANE
1115,CANF
1116,CANG
1117,CAPE
1118,CAPL
1119,CAPR
1120,CAR
1121,CARA
1122,CARE
1123,CARG
1124,CARO
1125,CARR
1126,CARS
1127,CART
1128,CARV
1129,CARZ
1130,CASA
1131,CASH
1132,CASI
1133,CASS
1134,CASY
1135,CAT
1136,CATB
1137,CATC
1138,CATH
1139,CATM
1140,CATO
1141,CATS
1142,CATY
1143,CB
1144,CBAN
1145,CBAT
1146,CBAY
1147,CBB
1148,CBD
1149,CBFV
1150,CBH
1151,CBIO
1152,CBL
1153,CBLI
1154,CBMB
1155,CBMG
1156,CBNK
1157,CBOE
1158,CBON
1159,CBPO
1160,CBPX
1161,CBRE
1162,CBRL
1163,CBSH
1164,CBT
1165,CBTX
1166,CBU
1167,CBZ
1168,CC
1169,CCA
1170,CCAC
1171,CCAP
1172,CCB
1173,CCBG
1174,CCC
1175,CCCL
1176,CCD
1177,CCEP
1178,CCF
1179,CCH
1180,CCI
1181,CCJ
1182,CCK
1183,CCL
1184,CCLP
1185,CCM
1186,CCMP
1187,CCNC
1188,CCNE
1189,CCO
1190,CCOI
1191,CCOJY
1192,CCOR
1193,CCR
1194,CCRC
1195,CCRN
1196,CCS
1197,CCT
1198,CCU
1199,CCX
1200,CCXI
1201,CCXX
1202,CDAY
1203,CDC
1204,CDE
1205,CDEV
1206,CDK
1207,CDL
1208,CDLX
1209,CDMO
1210,CDNA
1211,CDNS
1212,CDOR
1213,CDR
1214,CDTX
1215,CDW
1216,CDXC
1217,CDXS
1218,CDZI
1219,CE
1220,CEA
1221,CECE
1222,CEE
1223,CEF
1224,CEFD
1225,CEFL
1226,CEFS
1227,CEFZ
1228,CEI
1229,CEIX
1230,CEL
1231,CELC
1232,CELH
1233,CELP
1234,CEM
1235,CEMB
1236,CEMI
1237,CEN
1238,CENT
1239,CENTA
1240,CENX
1241,CEO
1242,CEPU
1243,CEQP
1244,CERC
1245,CERN
1246,CERS
1247,CET
1248,CETV
1249,CETX
1250,CEV
1251,CEVA
1252,CEW
1253,CEY
1254,CEZ
1255,CF
1256,CFA
1257,CFB
1258,CFBI
1259,CFBK
1260,CFCV
1261,CFFA
1262,CFFI
1263,CFFN
1264,CFG
1265,CFMS
1266,CFO
1267,CFR
1268,CFRUY
1269,CFRX
1270,CFX
1271,CG
1272,CGA
1273,CGBD
1274,CGC
1275,CGEN
1276,CGIX
1277,CGNX
1278,CGO
1279,CGW
1280,CHA
1281,CHAD
1282,CHAP
1283,CHAU
1284,CHCI
1285,CHCO
1286,CHCT
1287,CHD
1288,CHDN
1289,CHE
1290,CHEF
1291,CHEK
1292,CHEP
1293,CHFN
1294,CHFS
1295,CHGG
1296,CHGX
1297,CHH
1298,CHI
1299,CHIC
1300,CHIE
1301,CHIH
1302,CHII
1303,CHIK
1304,CHIL
1305,CHIM
1306,CHIQ
1307,CHIR
1308,CHIS
1309,CHIU
1310,CHIX
1311,CHK
1312,CHKP
1313,CHKR
1314,CHL
1315,CHLN
1316,CHMA
1317,CHMG
1318,CHMI
1319,CHN
1320,CHNA
1321,CHNG
1322,CHNR
1323,CHPM
1324,CHRA
1325,CHRS
1326,CHRW
1327,CHS
1328,CHT
1329,CHTR
1330,CHU
1331,CHUY
1332,CHW
1333,CHWY
1334,CHX
1335,CHY
1336,CHYHY
1337,CI
1338,CIA
1339,CIB
1340,CIBEY
1341,CIBR
1342,CICHY
1343,CID
1344,CIDM
1345,CIEN
1346,CIF
1347,CIFS
1348,CIG.C
1349,CIG
1350,CIGI
1351,CIH
1352,CIHKY
1353,CII
1354,CIIC
1355,CIK
1356,CIL
1357,CIM
1358,CINF
1359,CINR
1360,CIO
1361,CIOXY
1362,CIR
1363,CISN
1364,CIT
1365,CIVB
1366,CIX
1367,CIZ
1368,CIZN
1369,CJJD
1370,CJPRY
1371,CKH
1372,CKHUY
1373,CKPT
1374,CKX
1375,CL
1376,CLAR
1377,CLB
1378,CLBK
1379,CLBS
1380,CLCT
1381,CLDB
1382,CLDR
1383,CLDT
1384,CLDX
1385,CLEU
1386,CLF
1387,CLFD
1388,CLGN
1389,CLGX
1390,CLH
1391,CLI
1392,CLIR
1393,CLIX
1394,CLLDY
1395,CLM
1396,CLMT
1397,CLNC
1398,CLNE
1399,CLNY
1400,CLOU
1401,CLPBY
1402,CLPHY
1403,CLPR
1404,CLPS
1405,CLPT
1406,CLR
1407,CLRB
1408,CLRG
1409,CLRO
1410,CLS
1411,CLSD
1412,CLSK
1413,CLSN
1414,CLTL
1415,CLUB
1416,CLVS
1417,CLW
1418,CLWT
1419,CLX
1420,CLXT
1421,CM
1422,CMA
1423,CMBM
1424,CMBS
1425,CMC
1426,CMCL
1427,CMCM
1428,CMCO
1429,CMCSA
1430,CMCT
1431,CMD
1432,CMDY
1433,CME
1434,CMF
1435,CMG
1436,CMI
1437,CMLS
1438,CMO
1439,CMP
1440,CMPGY
1441,CMPR
1442,CMRE
1443,CMRX
1444,CMS
1445,CMT
1446,CMTL
1447,CMU
1448,CMWAY
1449,CN
1450,CNA
1451,CNAT
1452,CNBKA
1453,CNBS
1454,CNC
1455,CNCE
1456,CNCR
1457,CNDF
1458,CNDT
1459,CNET
1460,CNF
1461,CNFR
1462,CNHI
1463,CNI
1464,CNK
1465,CNMD
1466,CNNB
1467,CNNE
1468,CNO
1469,CNOB
1470,CNP
1471,CNQ
1472,CNR
1473,CNRG
1474,CNS
1475,CNSF
1476,CNSL
1477,CNSP
1478,CNST
1479,CNTG
1480,CNTX
1481,CNTY
1482,CNWGY
1483,CNX
1484,CNXM
1485,CNXN
1486,CNXT
1487,CNY
1488,CNYA
1489,CO
1490,COBZ
1491,COCP
1492,CODA
1493,CODI
1494,CODX
1495,COE
1496,COF
1497,COFS
1498,COG
1499,COHN
1500,COHR
1501,COHU
1502,COIHY
1503,COKE
1504,COLB
1505,COLD
1506,COLL
1507,COLM
1508,COM
1509,COMB
1510,COMM
1511,COMT
1512,CONE
1513,CONN
1514,COO
1515,COOP
1516,COP
1517,COPX
1518,COR
1519,CORE
1520,CORN
1521,CORP
1522,CORR
1523,CORT
1524,CORV
1525,COST
1526,COT
1527,COTV
1528,COTY
1529,COUP
1530,COVTY
1531,COW
1532,COWN
1533,COWZ
1534,CP
1535,CPA
1536,CPAA
1537,CPAC
1538,CPAH
1539,CPB
1540,CPE
1541,CPER
1542,CPF
1543,CPG
1544,CPHC
1545,CPHI
1546,CPI
1547,CPIX
1548,CPK
1549,CPL
1550,CPLA
1551,CPLG
1552,CPLP
1553,CPRI
1554,CPRT
1555,CPRX
1556,CPS
1557,CPSH
1558,CPSI
1559,CPSS
1560,CPST
1561,CPT
1562,CPTA
1563,CPYYY
1564,CPZ
1565,CQP
1566,CQQQ
1567,CR
1568,CRAI
1569,CRAK
1570,CRBN
1571,CRBP
1572,CRC
1573,CRCM
1574,CRD.A
1575,CRD.B
1576,CRDF
1577,CREE
1578,CREG
1579,CRESY
1580,CREX
1581,CRF
1582,CRH
1583,CRHM
1584,CRI
1585,CRIS
1586,CRK
1587,CRL
1588,CRM
1589,CRMD
1590,CRMT
1591,CRNC
1592,CRNT
1593,CRNX
1594,CROC
1595,CRON
1596,CROP
1597,CROX
1598,CRS
1599,CRSA
1600,CRSP
1601,CRT
1602,CRTX
1603,CRUS
1604,CRVL
1605,CRVS
1606,CRWD
1607,CRWS
1608,CRY
1609,CRZBY
1610,CS
1611,CSA
1612,CSB
1613,CSBR
1614,CSCO
1615,CSD
1616,CSF
1617,CSFL
1618,CSGP
1619,CSGS
1620,CSII
1621,CSIQ
1622,CSL
1623,CSLLY
1624,CSLT
1625,CSM
1626,CSML
1627,CSOD
1628,CSPI
1629,CSPR
1630,CSQ
1631,CSS
1632,CSSE
1633,CSTE
1634,CSTL
1635,CSTM
1636,CSTR
1637,CSU
1638,CSUAY
1639,CSV
1640,CSWC
1641,CSWI
1642,CSX
1643,CTAC
1644,CTAS
1645,CTB
1646,CTBI
1647,CTEK
1648,CTG
1649,CTHR
1650,CTIB
1651,CTIC
1652,CTK
1653,CTL
1654,CTLT
1655,CTMX
1656,CTO
1657,CTR
1658,CTRA
1659,CTRC
1660,CTRE
1661,CTRM
1662,CTRN
1663,CTS
1664,CTSH
1665,CTSO
1666,CTST
1667,CTT
1668,CTTAY
1669,CTVA
1670,CTXR
1671,CTXS
1672,CUB
1673,CUBA
1674,CUBE
1675,CUBI
1676,CUE
1677,CUI
1678,CUK
1679,CULP
1680,CUO
1681,CURE
1682,CURO
1683,CUT
1684,CUTR
1685,CUZ
1686,CVA
1687,CVBF
1688,CVCO
1689,CVCY
1690,CVE
1691,CVEO
1692,CVET
1693,CVG
1694,CVGI
1695,CVGW
1696,CVI
1697,CVIA
1698,CVLT
1699,CVLY
1700,CVM
1701,CVNA
1702,CVON
1703,CVOVQ
1704,CVR
1705,CVRR
1706,CVS
1707,CVTI
1708,CVU
1709,CVV
1710,CVX
1711,CVY
1712,CW
1713,CWAY
1714,CWB
1715,CWBC
1716,CWBR
1717,CWCO
1718,CWEB
1719,CWEN.A
1720,CWEN
1721,CWH
1722,CWI
1723,CWK
1724,CWS
1725,CWST
1726,CWT
1727,CX
1728,CXDC
1729,CXE
1730,CXH
1731,CXO
1732,CXP
1733,CXSE
1734,CXW
1735,CY
1736,CYAD
1737,CYAN
1738,CYB
1739,CYBE
1740,CYBR
1741,CYCC
1742,CYCN
1743,CYD
1744,CYH
1745,CYOU
1746,CYRN
1747,CYRX
1748,CYS
1749,CYTK
1750,CZA
1751,CZMWY
1752,CZNC
1753,CZR
1754,CZWI
1755,CZZ
1756,D
1757,DAC
1758,DADA
1759,DAIO
1760,DAKT
1761,DAL
1762,DALI
1763,DALT
1764,DAN
1765,DAO
1766,DAR
1767,DARE
1768,DAUD
1769,DAUG
1770,DAVA
1771,DAX
1772,DB
1773,DBA
1774,DBAW
1775,DBB
1776,DBC
1777,DBCP
1778,DBD
1779,DBE
1780,DBEF
1781,DBEH
1782,DBEM
1783,DBEU
1784,DBEZ
1785,DBGR
1786,DBI
1787,DBJP
1788,DBL
1789,DBLV
1790,DBMF
1791,DBO
1792,DBOEY
1793,DBP
1794,DBS
1795,DBSDY
1796,DBV
1797,DBX
1798,DCAR
1799,DCF
1800,DCHF
1801,DCI
1802,DCMYY
1803,DCO
1804,DCOM
1805,DCP
1806,DCPH
1807,DCTH
1808,DD
1809,DDD
1810,DDF
1811,DDG
1812,DDIV
1813,DDLS
1814,DDM
1815,DDMX
1816,DDOG
1817,DDS
1818,DDWM
1819,DE
1820,DEA
1821,DEAC
1822,DECK
1823,DEED
1824,DEEF
1825,DEF
1826,DEFA
1827,DEI
1828,DELL
1829,DEM
1830,DENN
1831,DEO
1832,DERM
1833,DES
1834,DESP
1835,DEUR
1836,DEUS
1837,DEW
1838,DEX
1839,DFE
1840,DFEB
1841,DFEN
1842,DFFN
1843,DFIN
1844,DFJ
1845,DFND
1846,DFNL
1847,DFNS
1848,DFP
1849,DFPH
1850,DFS
1851,DFVL
1852,DFVS
1853,DG
1854,DGAZ
1855,DGBP
1856,DGICA
1857,DGICB
1858,DGII
1859,DGL
1860,DGLD
1861,DGLY
1862,DGP
1863,DGRE
1864,DGRO
1865,DGRS
1866,DGRW
1867,DGS
1868,DGT
1869,DGX
1870,DGZ
1871,DHC
1872,DHF
1873,DHI
1874,DHIL
1875,DHR
1876,DHS
1877,DHT
1878,DHX
1879,DHY
1880,DIA
1881,DIAL
1882,DIAX
1883,DIET
1884,DIFTY
1885,DIG
1886,DIM
1887,DIN
1888,DINT
1889,DIOD
1890,DIS
1891,DISCA
1892,DISCB
1893,DISCK
1894,DISH
1895,DIT
1896,DIV
1897,DIVA
1898,DIVB
1899,DIVC
1900,DIVO
1901,DIVY
1902,DJCB
1903,DJCI
1904,DJCO
1905,DJD
1906,DJP
1907,DJPY
1908,DK
1909,DKILY
1910,DKL
1911,DKNG
1912,DKS
1913,DL
1914,DLA
1915,DLAKY
1916,DLB
1917,DLBR
1918,DLBS
1919,DLHC
1920,DLN
1921,DLNG
1922,DLPH
1923,DLPN
1924,DLR
1925,DLS
1926,DLTH
1927,DLTR
1928,DLX
1929,DLY
1930,DM
1931,DMAC
1932,DMAY
1933,DMB
1934,DMDV
1935,DMF
1936,DMLP
1937,DMLRY
1938,DMO
1939,DMPI
1940,DMRC
1941,DMRE
1942,DMRI
1943,DMRL
1944,DMRM
1945,DMRS
1946,DMTK
1947,DMYT
1948,DNHBY
1949,DNI
1950,DNJR
1951,DNK
1952,DNKEY
1953,DNKN
1954,DNL
1955,DNLI
1956,DNN
1957,DNO
1958,DNOV
1959,DNOW
1960,DNP
1961,DNR
1962,DNZOY
1963,DO
1964,DOC
1965,DOCU
1966,DOG
1967,DOGS
1968,DOGZ
1969,DOL
1970,DOMO
1971,DON
1972,DOO
1973,DOOO
1974,DOOR
1975,DORM
1976,DOTA
1977,DOV
1978,DOW
1979,DOX
1980,DOYU
1981,DPG
1982,DPHC
1983,DPK
1984,DPLO
1985,DPSGY
1986,DPST
1987,DPW
1988,DPZ
1989,DQ
1990,DQJCY
1991,DRAD
1992,DRD
1993,DRE
1994,DRH
1995,DRI
1996,DRIO
1997,DRIP
1998,DRIV
1999,DRN
2000,DRNA
2001,DRQ
2002,DRR
2003,DRRX
2004,DRSK
2005,DRTT
2006,DRV
2007,DRW
2008,DS
2009,DSDVY
2010,DSE
2011,DSEEY
2012,DSGX
2013,DSI
2014,DSKE
2015,DSL
2016,DSLV
2017,DSM
2018,DSNKY
2019,DSPG
2020,DSS
2021,DSSI
2022,DSTL
2023,DSU
2024,DSWL
2025,DSX
2026,DT
2027,DTD
2028,DTE
2029,DTEA
2030,DTEC
2031,DTEGY
2032,DTF
2033,DTH
2034,DTIL
2035,DTN
2036,DTO
2037,DTSS
2038,DTUL
2039,DTUS
2040,DTYL
2041,DTYS
2042,DUC
2043,DUG
2044,DUK
2045,DUO
2046,DUOT
2047,DURA
2048,DUSA
2049,DUSL
2050,DUST
2051,DVA
2052,DVAX
2053,DVD
2054,DVHL
2055,DVLU
2056,DVN
2057,DVOL
2058,DVOP
2059,DVP
2060,DVY
2061,DVYA
2062,DVYE
2063,DVYL
2064,DWAHY
2065,DWAQ
2066,DWAS
2067,DWAT
2068,DWAW
2069,DWCH
2070,DWCR
2071,DWEQ
2072,DWFI
2073,DWIN
2074,DWLD
2075,DWM
2076,DWMC
2077,DWMF
2078,DWPP
2079,DWSH
2080,DWSN
2081,DWT
2082,DWTR
2083,DWUS
2084,DWX
2085,DX
2086,DXC
2087,DXCM
2088,DXD
2089,DXF
2090,DXGE
2091,DXJ
2092,DXJS
2093,DXLG
2094,DXPE
2095,DXR
2096,DXYN
2097,DY
2098,DYAI
2099,DYB
2100,DYHG
2101,DYLS
2102,DYNF
2103,DYNT
2104,DZK
2105,DZSI
2106,DZZ
2107,EA
2108,EACQ
2109,EAD
2110,EADSY
2111,EAF
2112,EAGG
2113,EARN
2114,EARS
2115,EASG
2116,EASI
2117,EAST
2118,EAT
2119,EB
2120,EBAY
2121,EBF
2122,EBIX
2123,EBIZ
2124,EBKDY
2125,EBMT
2126,EBND
2127,EBR.B
2128,EBR
2129,EBS
2130,EBSB
2131,EBTC
2132,EC
2133,ECA
2134,ECC
2135,ECF
2136,ECH
2137,ECHO
2138,ECL
2139,ECLN
2140,ECNS
2141,ECOL
2142,ECOM
2143,ECON
2144,ECOR
2145,ECOW
2146,ECOZ
2147,ECPG
2148,ECT
2149,ECYT
2150,ED
2151,EDC
2152,EDD
2153,EDEN
2154,EDF
2155,EDGW
2156,EDI
2157,EDIT
2158,EDIV
2159,EDN
2160,EDNT
2161,EDOG
2162,EDOW
2163,EDRY
2164,EDSA
2165,EDTX
2166,EDU
2167,EDUC
2168,EDV
2169,EDZ
2170,EE
2171,EEA
2172,EEB
2173,EEFT
2174,EEH
2175,EELV
2176,EEM
2177,EEMA
2178,EEMD
2179,EEMO
2180,EEMS
2181,EEMV
2182,EEMX
2183,EEP
2184,EEQ
2185,EES
2186,EET
2187,EEV
2188,EEX
2189,EFA
2190,EFAD
2191,EFAS
2192,EFAV
2193,EFAX
2194,EFC
2195,EFF
2196,EFG
2197,EFL
2198,EFNL
2199,EFO
2200,EFOI
2201,EFR
2202,EFSC
2203,EFT
2204,EFU
2205,EFV
2206,EFX
2207,EFZ
2208,EGAN
2209,EGBN
2210,EGC
2211,EGF
2212,EGHT
2213,EGIF
2214,EGL
2215,EGLE
2216,EGO
2217,EGOV
2218,EGP
2219,EGPT
2220,EGRX
2221,EGY
2222,EH
2223,EHC
2224,EHI
2225,EHT
2226,EHTH
2227,EIC
2228,EIDO
2229,EIDX
2230,EIG
2231,EIGI
2232,EIGR
2233,EIM
2234,EINC
2235,EIO
2236,EIP
2237,EIRL
2238,EIS
2239,EIX
2240,EJAN
2241,EJPRY
2242,EJUL
2243,EKAR
2244,EKSO
2245,EL
2246,ELA
2247,ELAN
2248,ELD
2249,ELF
2250,ELGX
2251,ELLO
2252,ELMD
2253,ELON
2254,ELOX
2255,ELP
2256,ELS
2257,ELSE
2258,ELTK
2259,ELVT
2260,ELY
2261,EMAG
2262,EMAN
2263,EMB
2264,EMBD
2265,EMBH
2266,EMCB
2267,EMCF
2268,EMCG
2269,EMD
2270,EMDV
2271,EME
2272,EMF
2273,EMFM
2274,EMGF
2275,EMHY
2276,EMIF
2277,EMJ
2278,EMKR
2279,EML
2280,EMLC
2281,EMLP
2282,EMMF
2283,EMMS
2284,EMN
2285,EMNT
2286,EMO
2287,EMQQ
2288,EMR
2289,EMSG
2290,EMSH
2291,EMTL
2292,EMTY
2293,EMX
2294,EMXC
2295,ENB
2296,ENBL
2297,ENDP
2298,ENFR
2299,ENG
2300,ENIA
2301,ENIC
2302,ENLC
2303,ENLK
2304,ENOB
2305,ENOR
2306,ENPH
2307,ENR
2308,ENS
2309,ENSG
2310,ENSV
2311,ENT
2312,ENTA
2313,ENTG
2314,ENTR
2315,ENTX
2316,ENV
2317,ENVA
2318,ENX
2319,ENZ
2320,ENZL
2321,EOCCY
2322,EOD
2323,EOG
2324,EOI
2325,EOLS
2326,EONGY
2327,EOS
2328,EOT
2329,EPAC
2330,EPAM
2331,EPAY
2332,EPC
2333,EPD
2334,EPHE
2335,EPI
2336,EPIX
2337,EPM
2338,EPOL
2339,EPP
2340,EPR
2341,EPRF
2342,EPRT
2343,EPS
2344,EPSN
2345,EPU
2346,EPV
2347,EPZM
2348,EQ
2349,EQAL
2350,EQBK
2351,EQC
2352,EQGP
2353,EQH
2354,EQIX
2355,EQL
2356,EQM
2357,EQNR
2358,EQR
2359,EQRR
2360,EQS
2361,EQT
2362,EQWL
2363,EQX
2364,ERA
2365,ERC
2366,ERF
2367,ERGF
2368,ERH
2369,ERI
2370,ERIC
2371,ERIE
2372,ERII
2373,ERJ
2374,ERM
2375,EROC
2376,EROS
2377,ERSX
2378,ERUS
2379,ERX
2380,ERY
2381,ES
2382,ESALY
2383,ESBA
2384,ESBK
2385,ESCA
2386,ESCR
2387,ESE
2388,ESEA
2389,ESEB
2390,ESG
2391,ESGD
2392,ESGE
2393,ESGF
2394,ESGG
2395,ESGL
2396,ESGN
2397,ESGR
2398,ESGS
2399,ESGU
2400,ESGV
2401,ESGW
2402,ESHY
2403,ESI
2404,ESIO
2405,ESLT
2406,ESML
2407,ESNG
2408,ESNT
2409,ESP
2410,ESPO
2411,ESPR
2412,ESQ
2413,ESRT
2414,ESRX
2415,ESS
2416,ESSA
2417,ESSC
2418,ESSYY
2419,ESTA
2420,ESTC
2421,ESTE
2422,ESTR
2423,ESXB
2424,ESYJY
2425,ET
2426,ETB
2427,ETFC
2428,ETG
2429,ETH
2430,ETHO
2431,ETJ
2432,ETM
2433,ETN
2434,ETNB
2435,ETO
2436,ETON
2437,ETR
2438,ETRN
2439,ETSY
2440,ETTX
2441,ETV
2442,ETW
2443,ETX
2444,ETY
2445,EUDG
2446,EUDV
2447,EUFL
2448,EUFN
2449,EUFX
2450,EUM
2451,EUMF
2452,EUMV
2453,EUO
2454,EURL
2455,EURN
2456,EURZ
2457,EUSA
2458,EUSC
2459,EV
2460,EVA
2461,EVBG
2462,EVBN
2463,EVC
2464,EVER
2465,EVF
2466,EVFM
2467,EVG
2468,EVGBC
2469,EVGN
2470,EVH
2471,EVHC
2472,EVI
2473,EVIX
2474,EVK
2475,EVLMC
2476,EVLO
2477,EVM
2478,EVN
2479,EVO
2480,EVOK
2481,EVOL
2482,EVOP
2483,EVP
2484,EVR
2485,EVRG
2486,EVRI
2487,EVSI
2488,EVSTC
2489,EVT
2490,EVTC
2491,EVV
2492,EVX
2493,EVY
2494,EW
2495,EWA
2496,EWBC
2497,EWC
2498,EWCO
2499,EWD
2500,EWEM
2501,EWG
2502,EWGS
2503,EWH
2504,EWI
2505,EWJ
2506,EWJE
2507,EWJV
2508,EWK
2509,EWL
2510,EWM
2511,EWMC
2512,EWN
2513,EWO
2514,EWP
2515,EWQ
2516,EWRE
2517,EWS
2518,EWSC
2519,EWT
2520,EWU
2521,EWUS
2522,EWV
2523,EWW
2524,EWX
2525,EWY
2526,EWZ
2527,EWZS
2528,EXAS
2529,EXC
2530,EXD
2531,EXEL
2532,EXFO
2533,EXG
2534,EXI
2535,EXIV
2536,EXK
2537,EXLS
2538,EXP
2539,EXPC
2540,EXPD
2541,EXPE
2542,EXPGY
2543,EXPI
2544,EXPO
2545,EXPR
2546,EXR
2547,EXTN
2548,EXTR
2549,EYE
2550,EYEG
2551,EYEN
2552,EYES
2553,EYLD
2554,EYPT
2555,EZA
2556,EZJ
2557,EZM
2558,EZPW
2559,EZU
2560,F
2561,FAAR
2562,FAB
2563,FAD
2564,FAF
2565,FALN
2566,FAM
2567,FAMI
2568,FAN
2569,FANG
2570,FANH
2571,FANUY
2572,FARM
2573,FARO
2574,FAS
2575,FAST
2576,FAT
2577,FATE
2578,FAUG
2579,FAUS
2580,FAX
2581,FAZ
2582,FB
2583,FBC
2584,FBCG
2585,FBCV
2586,FBGX
2587,FBHS
2588,FBIO
2589,FBIZ
2590,FBK
2591,FBM
2592,FBMS
2593,FBNC
2594,FBND
2595,FBNK
2596,FBP
2597,FBR
2598,FBRX
2599,FBSS
2600,FBT
2601,FBZ
2602,FC
2603,FCA
2604,FCAL
2605,FCAN
2606,FCAP
2607,FCAU
2608,FCBC
2609,FCBP
2610,FCCO
2611,FCCY
2612,FCEF
2613,FCEL
2614,FCF
2615,FCFS
2616,FCG
2617,FCN
2618,FCNCA
2619,FCO
2620,FCOM
2621,FCOR
2622,FCPI
2623,FCPT
2624,FCT
2625,FCTR
2626,FCVT
2627,FCX
2628,FDBC
2629,FDD
2630,FDEF
2631,FDEM
2632,FDEU
2633,FDEV
2634,FDG
2635,FDHY
2636,FDIS
2637,FDIV
2638,FDL
2639,FDLO
2640,FDM
2641,FDMO
2642,FDN
2643,FDNI
2644,FDP
2645,FDRR
2646,FDS
2647,FDT
2648,FDTS
2649,FDUS
2650,FDVV
2651,FDX
2652,FE
2653,FEAC
2654,FEDU
2655,FEI
2656,FEIM
2657,FELE
2658,FEM
2659,FEMB
2660,FEMS
2661,FEN
2662,FENC
2663,FENG
2664,FENY
2665,FEO
2666,FEP
2667,FERGY
2668,FET
2669,FEUL
2670,FEUZ
2671,FEX
2672,FEYE
2673,FEZ
2674,FF
2675,FFA
2676,FFBC
2677,FFBW
2678,FFC
2679,FFEB
2680,FFEU
2681,FFG
2682,FFHG
2683,FFHL
2684,FFIC
2685,FFIN
2686,FFIU
2687,FFIV
2688,FFKT
2689,FFNW
2690,FFR
2691,FFSG
2692,FFTG
2693,FFTI
2694,FFTY
2695,FFWM
2696,FG
2697,FGB
2698,FGBI
2699,FGD
2700,FGEN
2701,FGM
2702,FHB
2703,FHI
2704,FHK
2705,FHLC
2706,FHN
2707,FI
2708,FIBK
2709,FIBR
2710,FICO
2711,FID
2712,FIDI
2713,FIDU
2714,FIEE
2715,FIEU
2716,FIF
2717,FIHD
2718,FILL
2719,FINS
2720,FINU
2721,FINV
2722,FINX
2723,FINZ
2724,FIS
2725,FISI
2726,FISK
2727,FISR
2728,FISV
2729,FIT
2730,FITB
2731,FITE
2732,FIV
2733,FIVA
2734,FIVE
2735,FIVG
2736,FIVN
2737,FIW
2738,FIX
2739,FIXD
2740,FIXX
2741,FIYY
2742,FIZZ
2743,FJNK
2744,FJP
2745,FJTSY
2746,FKO
2747,FKU
2748,FL
2749,FLAG
2750,FLAT
2751,FLAU
2752,FLAX
2753,FLBL
2754,FLBR
2755,FLC
2756,FLCA
2757,FLCB
2758,FLCH
2759,FLCO
2760,FLDM
2761,FLDR
2762,FLEE
2763,FLEH
2764,FLEU
2765,FLEX
2766,FLFR
2767,FLGB
2768,FLGE
2769,FLGR
2770,FLGT
2771,FLGV
2772,FLHK
2773,FLHY
2774,FLIA
2775,FLIC
2776,FLIN
2777,FLIO
2778,FLIR
2779,FLIY
2780,FLJH
2781,FLJP
2782,FLKR
2783,FLL
2784,FLLA
2785,FLLC
2786,FLLV
2787,FLM
2788,FLMB
2789,FLMI
2790,FLMN
2791,FLMX
2792,FLN
2793,FLNG
2794,FLNT
2795,FLO
2796,FLOT
2797,FLOW
2798,FLQD
2799,FLQE
2800,FLQG
2801,FLQH
2802,FLQL
2803,FLQM
2804,FLQS
2805,FLR
2806,FLRN
2807,FLRT
2808,FLRU
2809,FLS
2810,FLSA
2811,FLSP
2812,FLSW
2813,FLT
2814,FLTB
2815,FLTR
2816,FLTW
2817,FLV
2818,FLWS
2819,FLXN
2820,FLXS
2821,FLY
2822,FLYT
2823,FLZA
2824,FM
2825,FMAO
2826,FMAT
2827,FMAY
2828,FMB
2829,FMBH
2830,FMBI
2831,FMC
2832,FMCI
2833,FMF
2834,FMHI
2835,FMI
2836,FMIL
2837,FMK
2838,FMN
2839,FMNB
2840,FMO
2841,FMS
2842,FMX
2843,FMY
2844,FN
2845,FNB
2846,FNCB
2847,FNCF
2848,FNCL
2849,FND
2850,FNDA
2851,FNDB
2852,FNDC
2853,FNDE
2854,FNDF
2855,FNDX
2856,FNF
2857,FNGD
2858,FNGO
2859,FNGS
2860,FNGU
2861,FNGZ
2862,FNHC
2863,FNI
2864,FNJN
2865,FNK
2866,FNKO
2867,FNLC
2868,FNOV
2869,FNV
2870,FNWB
2871,FNX
2872,FNY
2873,FOCS
2874,FOE
2875,FOF
2876,FOLD
2877,FOMX
2878,FONR
2879,FOR
2880,FORD
2881,FORK
2882,FORM
2883,FORR
2884,FORTY
2885,FOSL
2886,FOUR
2887,FOVL
2888,FOX
2889,FOXA
2890,FOXF
2891,FPA
2892,FPAC
2893,FPAY
2894,FPE
2895,FPEI
2896,FPF
2897,FPH
2898,FPI
2899,FPL
2900,FPRX
2901,FPX
2902,FPXE
2903,FPXI
2904,FQAL
2905,FQVLF
2906,FR
2907,FRA
2908,FRAF
2909,FRAK
2910,FRAN
2911,FRBA
2912,FRBK
2913,FRC
2914,FRD
2915,FRDM
2916,FREL
2917,FREQ
2918,FRFHF
2919,FRG
2920,FRGI
2921,FRHC
2922,FRI
2923,FRLG
2924,FRME
2925,FRN
2926,FRO
2927,FRPH
2928,FRPT
2929,FRRVY
2930,FRSX
2931,FRT
2932,FRTA
2933,FSB
2934,FSBC
2935,FSBW
2936,FSCT
2937,FSD
2938,FSEA
2939,FSFG
2940,FSI
2941,FSK
2942,FSLF
2943,FSLR
2944,FSLY
2945,FSM
2946,FSMB
2947,FSMD
2948,FSP
2949,FSRV
2950,FSS
2951,FSTA
2952,FSTR
2953,FSUGY
2954,FSV
2955,FSZ
2956,FT
2957,FTA
2958,FTAC
2959,FTAG
2960,FTAI
2961,FTC
2962,FTCH
2963,FTCS
2964,FTDR
2965,FTEC
2966,FTEK
2967,FTEO
2968,FTF
2969,FTFT
2970,FTGC
2971,FTHI
2972,FTI
2973,FTK
2974,FTLB
2975,FTLS
2976,FTNT
2977,FTNW
2978,FTR
2979,FTRI
2980,FTS
2981,FTSD
2982,FTSI
2983,FTSL
2984,FTSM
2985,FTSV
2986,FTV
2987,FTXD
2988,FTXG
2989,FTXH
2990,FTXL
2991,FTXN
2992,FTXO
2993,FTXR
2994,FUD
2995,FUE
2996,FUJHY
2997,FUJIY
2998,FUL
2999,FULC
3000,FULT
3001,FUMB
3002,FUN
3003,FUNC
3004,FUND
3005,FUPBY
3006,FUSB
3007,FUT
3008,FUTU
3009,FUTY
3010,FUV
3011,FV
3012,FVAL
3013,FVC
3014,FVCB
3015,FVD
3016,FVE
3017,FVL
3018,FVRR
3019,FWDB
3020,FWONA
3021,FWONK
3022,FWP
3023,FWRD
3024,FXA
3025,FXB
3026,FXC
3027,FXCH
3028,FXD
3029,FXE
3030,FXF
3031,FXG
3032,FXH
3033,FXI
3034,FXL
3035,FXN
3036,FXNC
3037,FXO
3038,FXP
3039,FXR
3040,FXS
3041,FXSG
3042,FXU
3043,FXY
3044,FXZ
3045,FYC
3046,FYLD
3047,FYT
3048,FYX
3049,G
3050,GAA
3051,GAB
3052,GABC
3053,GAIA
3054,GAIN
3055,GAL
3056,GALT
3057,GAM
3058,GAME
3059,GAMR
3060,GAN
3061,GARD
3062,GARS
3063,GASL
3064,GASS
3065,GASX
3066,GATX
3067,GAU
3068,GAZ
3069,GBAB
3070,GBCI
3071,GBDC
3072,GBDV
3073,GBF
3074,GBIL
3075,GBIO
3076,GBL
3077,GBLI
3078,GBNK
3079,GBOOY
3080,GBR
3081,GBT
3082,GBUG
3083,GBUY
3084,GBX
3085,GCAP
3086,GCBC
3087,GCC
3088,GCE
3089,GCI
3090,GCO
3091,GCOW
3092,GCP
3093,GCV
3094,GD
3095,GDAT
3096,GDDY
3097,GDEN
3098,GDI
3099,GDL
3100,GDMA
3101,GDNA
3102,GDO
3103,GDOT
3104,GDP
3105,GDS
3106,GDV
3107,GDVD
3108,GDX
3109,GDXJ
3110,GDYN
3111,GE
3112,GEC
3113,GECC
3114,GEF.B
3115,GEF
3116,GEL
3117,GELYY
3118,GEM
3119,GEN
3120,GENC
3121,GENE
3122,GENY
3123,GEO
3124,GEOS
3125,GER
3126,GERN
3127,GES
3128,GEVO
3129,GF
3130,GFASY
3131,GFED
3132,GFF
3133,GFI
3134,GFIN
3135,GFL
3136,GFN
3137,GFY
3138,GGAL
3139,GGB
3140,GGG
3141,GGM
3142,GGN
3143,GGO
3144,GGP
3145,GGT
3146,GGZ
3147,GH
3148,GHC
3149,GHG
3150,GHII
3151,GHIV
3152,GHL
3153,GHM
3154,GHSI
3155,GHY
3156,GHYB
3157,GHYG
3158,GIB
3159,GIFI
3160,GIGB
3161,GIGE
3162,GIGM
3163,GII
3164,GIII
3165,GIL
3166,GILD
3167,GILT
3168,GIM
3169,GIS
3170,GIX
3171,GKNLY
3172,GKOS
3173,GL
3174,GLAD
3175,GLBS
3176,GLBY
3177,GLBZ
3178,GLCN
3179,GLD
3180,GLDD
3181,GLDI
3182,GLDM
3183,GLEO
3184,GLF
3185,GLG
3186,GLIBA
3187,GLIF
3188,GLIN
3189,GLL
3190,GLMD
3191,GLNCY
3192,GLNG
3193,GLO
3194,GLOB
3195,GLOG
3196,GLOP
3197,GLOW
3198,GLP
3199,GLPEY
3200,GLPG
3201,GLPI
3202,GLQ
3203,GLRE
3204,GLT
3205,GLTR
3206,GLU
3207,GLUU
3208,GLV
3209,GLW
3210,GLYC
3211,GM
3212,GMAB
3213,GMAN
3214,GMBL
3215,GMDA
3216,GME
3217,GMED
3218,GMF
3219,GMHI
3220,GMLP
3221,GMO
3222,GMOM
3223,GMRE
3224,GMS
3225,GMZ
3226,GNAF
3227,GNBC
3228,GNC
3229,GNCA
3230,GNE
3231,GNK
3232,GNL
3233,GNLN
3234,GNMA
3235,GNMK
3236,GNMX
3237,GNOM
3238,GNPX
3239,GNR
3240,GNRC
3241,GNRS
3242,GNSS
3243,GNT
3244,GNTX
3245,GNTY
3246,GNUS
3247,GNW
3248,GO
3249,GOAT
3250,GOAU
3251,GOEX
3252,GOF
3253,GOGL
3254,GOGO
3255,GOL
3256,GOLD
3257,GOLF
3258,GOOD
3259,GOOG
3260,GOOGL
3261,GOOS
3262,GORO
3263,GOSS
3264,GOVT
3265,GPAQ
3266,GPC
3267,GPI
3268,GPK
3269,GPL
3270,GPM
3271,GPMT
3272,GPN
3273,GPOR
3274,GPP
3275,GPRE
3276,GPRK
3277,GPRO
3278,GPS
3279,GPT
3280,GPX
3281,GQRE
3282,GRA
3283,GRAF
3284,GRAM
3285,GRBK
3286,GRC
3287,GREK
3288,GRES
3289,GRF
3290,GRFS
3291,GRID
3292,GRIF
3293,GRIL
3294,GRIN
3295,GRMN
3296,GRN
3297,GRNB
3298,GRNQ
3299,GRNV
3300,GROW
3301,GRPN
3302,GRSH
3303,GRTS
3304,GRTX
3305,GRU
3306,GRUB
3307,GRVY
3308,GRWG
3309,GRX
3310,GS
3311,GSAH
3312,GSAT
3313,GSB
3314,GSBC
3315,GSBD
3316,GSC
3317,GSEE
3318,GSEU
3319,GSEW
3320,GSG
3321,GSH
3322,GSHD
3323,GSID
3324,GSIE
3325,GSIT
3326,GSJY
3327,GSK
3328,GSKY
3329,GSL
3330,GSLC
3331,GSM
3332,GSMG
3333,GSP
3334,GSS
3335,GSSC
3336,GSST
3337,GSUM
3338,GSUS
3339,GSV
3340,GSX
3341,GSY
3342,GT
3343,GTE
3344,GTEC
3345,GTES
3346,GTHX
3347,GTIM
3348,GTIP
3349,GTLS
3350,GTN.A
3351,GTN
3352,GTO
3353,GTS
3354,GTT
3355,GTX
3356,GTY
3357,GTYH
3358,GUDB
3359,GULF
3360,GUNR
3361,GURE
3362,GURU
3363,GUSH
3364,GUT
3365,GV
3366,GVA
3367,GVAL
3368,GVDNY
3369,GVI
3370,GVIP
3371,GVP
3372,GWB
3373,GWGH
3374,GWPH
3375,GWRE
3376,GWRS
3377,GWW
3378,GWX
3379,GXC
3380,GXF
3381,GXG
3382,GXGX
3383,GXTG
3384,GYLD
3385,GYRO
3386,GZPFY
3387,H
3388,HA
3389,HABT
3390,HACK
3391,HACV
3392,HACW
3393,HAE
3394,HAFC
3395,HAHA
3396,HAIL
3397,HAIN
3398,HAL
3399,HALL
3400,HALO
3401,HAO
3402,HAP
3403,HAPP
3404,HARP
3405,HAS
3406,HASI
3407,HAUD
3408,HAUZ
3409,HAWX
3410,HAYN
3411,HBAN
3412,HBB
3413,HBCP
3414,HBI
3415,HBIO
3416,HBM
3417,HBMD
3418,HBNC
3419,HBP
3420,HBT
3421,HCA
3422,HCAC
3423,HCAP
3424,HCAT
3425,HCC
3426,HCCH
3427,HCCI
3428,HCCO
3429,HCFT
3430,HCHC
3431,HCI
3432,HCKT
3433,HCM
3434,HCMLY
3435,HCR
3436,HCRB
3437,HCRF
3438,HCSG
3439,HD
3440,HDAW
3441,HDB
3442,HDEF
3443,HDELY
3444,HDG
3445,HDGE
3446,HDIV
3447,HDLB
3448,HDLV
3449,HDMV
3450,HDP
3451,HDS
3452,HDSN
3453,HDV
3454,HE
3455,HEAR
3456,HEBT
3457,HECO
3458,HEDJ
3459,HEEM
3460,HEES
3461,HEFA
3462,HEFV
3463,HEI.A
3464,HEI
3465,HEINY
3466,HELE
3467,HELX
3468,HEMV
3469,HENOY
3470,HEP
3471,HEPA
3472,HEQ
3473,HERD
3474,HERO
3475,HES
3476,HESM
3477,HEUS
3478,HEWC
3479,HEWG
3480,HEWI
3481,HEWJ
3482,HEWL
3483,HEWP
3484,HEWU
3485,HEWW
3486,HEWY
3487,HEXO
3488,HEZU
3489,HFBL
3490,HFC
3491,HFFG
3492,HFRO
3493,HFWA
3494,HFXE
3495,HFXI
3496,HFXJ
3497,HGKGY
3498,HGLB
3499,HGSH
3500,HGV
3501,HHC
3502,HHHH
3503,HHR
3504,HHS
3505,HHT
3506,HHYX
3507,HI
3508,HIBB
3509,HIBL
3510,HIBS
3511,HIE
3512,HIFS
3513,HIG
3514,HIHO
3515,HII
3516,HIIQ
3517,HIL
3518,HIMX
3519,HIO
3520,HIPR
3521,HIPS
3522,HIW
3523,HIX
3524,HJLI
3525,HJPX
3526,HKIB
3527,HKXCY
3528,HL
3529,HLAL
3530,HLF
3531,HLG
3532,HLI
3533,HLIO
3534,HLIT
3535,HLNE
3536,HLT
3537,HLTH
3538,HLX
3539,HMC
3540,HMG
3541,HMHC
3542,HMI
3543,HMLP
3544,HMN
3545,HMNF
3546,HMOP
3547,HMST
3548,HMSY
3549,HMTV
3550,HMY
3551,HNDL
3552,HNGR
3553,HNI
3554,HNNA
3555,HNP
3556,HNRG
3557,HNW
3558,HOCPY
3559,HOFT
3560,HOG
3561,HOLD
3562,HOLI
3563,HOLX
3564,HOMB
3565,HOME
3566,HOML
3567,HOMZ
3568,HON
3569,HONE
3570,HOOK
3571,HOPE
3572,HOTH
3573,HOV
3574,HP
3575,HPE
3576,HPF
3577,HPI
3578,HPP
3579,HPQ
3580,HPR
3581,HPS
3582,HQBD
3583,HQCL
3584,HQH
3585,HQI
3586,HQL
3587,HQY
3588,HR
3589,HRB
3590,HRC
3591,HRI
3592,HRL
3593,HROW
3594,HRTG
3595,HRTX
3596,HRZN
3597,HSBC
3598,HSC
3599,HSCZ
3600,HSDT
3601,HSIC
3602,HSII
3603,HSKA
3604,HSMV
3605,HSON
3606,HSPX
3607,HSRT
3608,HST
3609,HSTM
3610,HSTO
3611,HSY
3612,HT
3613,HTA
3614,HTAB
3615,HTBI
3616,HTBK
3617,HTBX
3618,HTD
3619,HTEC
3620,HTGC
3621,HTGM
3622,HTH
3623,HTHIY
3624,HTHT
3625,HTLD
3626,HTLF
3627,HTRB
3628,HTUS
3629,HTY
3630,HTZ
3631,HUBB
3632,HUBG
3633,HUBS
3634,HUD
3635,HUGE
3636,HUIZ
3637,HUM
3638,HUN
3639,HURC
3640,HURN
3641,HUSA
3642,HUSE
3643,HUSN
3644,HUSV
3645,HUYA
3646,HVBC
3647,HVRRY
3648,HVT.A
3649,HVT
3650,HWBK
3651,HWC
3652,HWCC
3653,HWKN
3654,HWM
3655,HX
3656,HXL
3657,HY
3658,HYAC
3659,HYB
3660,HYD
3661,HYDB
3662,HYDW
3663,HYEM
3664,HYG
3665,HYGH
3666,HYGV
3667,HYHG
3668,HYI
3669,HYLB
3670,HYLD
3671,HYLS
3672,HYLV
3673,HYMB
3674,HYMC
3675,HYND
3676,HYPMY
3677,HYRE
3678,HYS
3679,HYT
3680,HYTR
3681,HYUP
3682,HYXE
3683,HYXU
3684,HYZD
3685,HZN
3686,HZNP
3687,HZO
3688,I
3689,IAA
3690,IAC
3691,IAE
3692,IAF
3693,IAG
3694,IAGG
3695,IAI
3696,IAK
3697,IART
3698,IAT
3699,IAU
3700,IAUF
3701,IBA
3702,IBB
3703,IBCD
3704,IBCE
3705,IBCP
3706,IBD
3707,IBDC
3708,IBDD
3709,IBDL
3710,IBDM
3711,IBDN
3712,IBDO
3713,IBDP
3714,IBDQ
3715,IBDR
3716,IBDS
3717,IBDT
3718,IBDU
3719,IBHA
3720,IBHB
3721,IBHC
3722,IBHD
3723,IBHE
3724,IBIO
3725,IBKC
3726,IBKR
3727,IBM
3728,IBMG
3729,IBMI
3730,IBMJ
3731,IBMK
3732,IBML
3733,IBMM
3734,IBMN
3735,IBMO
3736,IBMP
3737,IBMQ
3738,IBN
3739,IBND
3740,IBOC
3741,IBP
3742,IBTA
3743,IBTB
3744,IBTD
3745,IBTE
3746,IBTF
3747,IBTG
3748,IBTH
3749,IBTI
3750,IBTJ
3751,IBTX
3752,IBUY
3753,ICAD
3754,ICAGY
3755,ICBK
3756,ICCC
3757,ICCH
3758,ICD
3759,ICE
3760,ICF
3761,ICFI
3762,ICHR
3763,ICL
3764,ICLK
3765,ICLN
3766,ICLR
3767,ICMB
3768,ICOL
3769,ICON
3770,ICOW
3771,ICPT
3772,ICSH
3773,ICUI
3774,ICVT
3775,IDA
3776,IDCBY
3777,IDCC
3778,IDE
3779,IDEV
3780,IDEX
3781,IDHD
3782,IDHQ
3783,IDIV
3784,IDLB
3785,IDLV
3786,IDMO
3787,IDN
3788,IDNA
3789,IDOG
3790,IDRA
3791,IDRV
3792,IDT
3793,IDU
3794,IDV
3795,IDX
3796,IDXG
3797,IDXX
3798,IDY
3799,IDYA
3800,IEA
3801,IEC
3802,IECS
3803,IEDI
3804,IEF
3805,IEFA
3806,IEFN
3807,IEHS
3808,IEI
3809,IEIH
3810,IEMD
3811,IEME
3812,IEMG
3813,IEMV
3814,IEO
3815,IEP
3816,IESC
3817,IETC
3818,IEUR
3819,IEUS
3820,IEV
3821,IEX
3822,IEZ
3823,IFEU
3824,IFF
3825,IFGL
3826,IFJPY
3827,IFMK
3828,IFN
3829,IFNNY
3830,IFRA
3831,IFRX
3832,IFS
3833,IFV
3834,IG
3835,IGA
3836,IGBH
3837,IGC
3838,IGD
3839,IGE
3840,IGEB
3841,IGEM
3842,IGF
3843,IGHG
3844,IGI
3845,IGIB
3846,IGIC
3847,IGLB
3848,IGM
3849,IGMS
3850,IGN
3851,IGOV
3852,IGR
3853,IGRO
3854,IGSB
3855,IGT
3856,IGV
3857,IHAK
3858,IHC
3859,IHD
3860,IHDG
3861,IHE
3862,IHF
3863,IHG
3864,IHI
3865,IHIT
3866,IHRT
3867,IHT
3868,IHTA
3869,IHY
3870,IHYD
3871,IHYV
3872,IID
3873,IIF
3874,IIGD
3875,IIGV
3876,III
3877,IIIN
3878,IIIV
3879,IIM
3880,IIN
3881,IIPR
3882,IIVI
3883,IJAN
3884,IJH
3885,IJJ
3886,IJK
3887,IJR
3888,IJS
3889,IJT
3890,IJUL
3891,IKNX
3892,ILF
3893,ILG
3894,ILMN
3895,ILPT
3896,ILTB
3897,IMAB
3898,IMAC
3899,IMAX
3900,IMBBY
3901,IMBI
3902,IMFC
3903,IMFD
3904,IMFI
3905,IMFP
3906,IMGN
3907,IMH
3908,IMKTA
3909,IMLP
3910,IMMP
3911,IMMR
3912,IMMU
3913,IMO
3914,IMOM
3915,IMOS
3916,IMPV
3917,IMRA
3918,IMRN
3919,IMTB
3920,IMTE
3921,IMTM
3922,IMUX
3923,IMV
3924,IMVT
3925,IMXI
3926,INAP
3927,INBK
3928,INCO
3929,INCY
3930,INDA
3931,INDB
3932,INDF
3933,INDL
3934,INDO
3935,INDS
3936,INDU
3937,INDY
3938,INF
3939,INFI
3940,INFN
3941,INFO
3942,INFR
3943,INFU
3944,INFY
3945,ING
3946,INGN
3947,INGR
3948,INKM
3949,INMB
3950,INMD
3951,INN
3952,INNL
3953,INNT
3954,INO
3955,INOD
3956,INOV
3957,INPX
3958,INR
3959,INS
3960,INSE
3961,INSG
3962,INSI
3963,INSM
3964,INSP
3965,INST
3966,INSU
3967,INSW
3968,INT
3969,INTC
3970,INTF
3971,INTG
3972,INTL
3973,INTT
3974,INTU
3975,INTX
3976,INUV
3977,INVA
3978,INVE
3979,INVH
3980,INVVY
3981,INWK
3982,INXN
3983,IO
3984,IONS
3985,IOO
3986,IOR
3987,IOSP
3988,IOTS
3989,IOVA
3990,IP
3991,IPAC
3992,IPAR
3993,IPAY
3994,IPDN
3995,IPFF
3996,IPG
3997,IPGP
3998,IPHI
3999,IPHS
4000,IPI
4001,IPKW
4002,IPO
4003,IPOC
4004,IPOS
4005,IPV
4006,IPWR
4007,IQ
4008,IQDE
4009,IQDF
4010,IQDG
4011,IQDY
4012,IQI
4013,IQIN
4014,IQLT
4015,IQM
4016,IQSI
4017,IQSU
4018,IQV
4019,IR
4020,IRBO
4021,IRBT
4022,IRCP
4023,IRDM
4024,IRET
4025,IRIX
4026,IRL
4027,IRM
4028,IRMD
4029,IROQ
4030,IRR
4031,IRS
4032,IRT
4033,IRTC
4034,IRWD
4035,ISBC
4036,ISCF
4037,ISD
4038,ISDR
4039,ISDS
4040,ISDX
4041,ISEE
4042,ISEM
4043,ISHG
4044,ISIG
4045,ISMD
4046,ISNS
4047,ISR
4048,ISRA
4049,ISRG
4050,ISSC
4051,ISTB
4052,ISTR
4053,ISZE
4054,IT
4055,ITA
4056,ITB
4057,ITCB
4058,ITCI
4059,ITEQ
4060,ITGR
4061,ITI
4062,ITIC
4063,ITM
4064,ITMR
4065,ITOCY
4066,ITOT
4067,ITP
4068,ITRI
4069,ITRM
4070,ITRN
4071,ITT
4072,ITUB
4073,ITVPY
4074,ITW
4075,IUS
4076,IUSB
4077,IUSG
4078,IUSS
4079,IUSV
4080,IVAC
4081,IVAL
4082,IVC
4083,IVE
4084,IVES
4085,IVH
4086,IVLU
4087,IVOG
4088,IVOL
4089,IVOO
4090,IVOV
4091,IVR
4092,IVTY
4093,IVV
4094,IVW
4095,IVZ
4096,IWB
4097,IWC
4098,IWD
4099,IWF
4100,IWL
4101,IWM
4102,IWN
4103,IWO
4104,IWP
4105,IWR
4106,IWS
4107,IWV
4108,IWX
4109,IWY
4110,IX
4111,IXC
4112,IXG
4113,IXJ
4114,IXN
4115,IXP
4116,IXSE
4117,IXUS
4118,IYC
4119,IYE
4120,IYF
4121,IYG
4122,IYH
4123,IYJ
4124,IYK
4125,IYLD
4126,IYM
4127,IYR
4128,IYT
4129,IYW
4130,IYY
4131,IYZ
4132,IZEA
4133,IZRL
4134,J
4135,JACK
4136,JAGG
4137,JAGX
4138,JAKK
4139,JAN
4140,JAPAY
4141,JAX
4142,JAZZ
4143,JBGS
4144,JBHT
4145,JBL
4146,JBLU
4147,JBSS
4148,JBT
4149,JCAP
4150,JCE
4151,JCI
4152,JCO
4153,JCOM
4154,JCPB
4155,JCPNQ
4156,JCS
4157,JCTCF
4158,JD
4159,JDD
4160,JDIV
4161,JDST
4162,JE
4163,JEF
4164,JELD
4165,JEMD
4166,JEPI
4167,JEQ
4168,JETS
4169,JFIN
4170,JFK
4171,JFR
4172,JFU
4173,JG
4174,JGH
4175,JHAA
4176,JHB
4177,JHCS
4178,JHEM
4179,JHG
4180,JHI
4181,JHMA
4182,JHMC
4183,JHMD
4184,JHME
4185,JHMF
4186,JHMH
4187,JHMI
4188,JHML
4189,JHMM
4190,JHMS
4191,JHMT
4192,JHMU
4193,JHS
4194,JHSC
4195,JHX
4196,JHY
4197,JIG
4198,JIGB
4199,JIH
4200,JILL
4201,JJA
4202,JJC
4203,JJE
4204,JJG
4205,JJM
4206,JJN
4207,JJP
4208,JJS
4209,JJSF
4210,JJT
4211,JJU
4212,JKD
4213,JKE
4214,JKF
4215,JKG
4216,JKH
4217,JKHY
4218,JKI
4219,JKJ
4220,JKK
4221,JKL
4222,JKS
4223,JLL
4224,JLS
4225,JMBA
4226,JMBS
4227,JMEI
4228,JMF
4229,JMHLY
4230,JMIA
4231,JMIN
4232,JMLP
4233,JMM
4234,JMOM
4235,JMP
4236,JMST
4237,JMUB
4238,JNCE
4239,JNJ
4240,JNK
4241,JNMF
4242,JNP
4243,JNPR
4244,JNUG
4245,JO
4246,JOB
4247,JOBS
4248,JOE
4249,JOF
4250,JOUT
4251,JOYY
4252,JP
4253,JPC
4254,JPED
4255,JPEH
4256,JPEM
4257,JPEU
4258,JPGB
4259,JPGE
4260,JPHF
4261,JPHY
4262,JPI
4263,JPIN
4264,JPLS
4265,JPM
4266,JPMB
4267,JPME
4268,JPMF
4269,JPMV
4270,JPN
4271,JPNL
4272,JPS
4273,JPSE
4274,JPST
4275,JPT
4276,JPUS
4277,JPXGY
4278,JPXN
4279,JQC
4280,JQUA
4281,JRI
4282,JRJC
4283,JRO
4284,JRS
4285,JRSH
4286,JRVR
4287,JSD
4288,JSHLY
4289,JSMD
4290,JSML
4291,JT
4292,JTA
4293,JTD
4294,JTPY
4295,JUST
4296,JVA
4297,JVAL
4298,JW.A
4299,JW.B
4300,JWN
4301,JXI
4302,JYNT
4303,K
4304,KAI
4305,KALA
4306,KALL
4307,KALU
4308,KALV
4309,KAMN
4310,KANG
4311,KAOOY
4312,KAPR
4313,KAR
4314,KARS
4315,KB
4316,KBA
4317,KBAL
4318,KBCSY
4319,KBE
4320,KBH
4321,KBLM
4322,KBR
4323,KBSF
4324,KBWB
4325,KBWD
4326,KBWP
4327,KBWR
4328,KBWY
4329,KC
4330,KCCB
4331,KCDMY
4332,KCE
4333,KCNY
4334,KDDIY
4335,KDFI
4336,KDMN
4337,KDP
4338,KE
4339,KED
4340,KELYA
4341,KELYB
4342,KEM
4343,KEMQ
4344,KEMX
4345,KEN
4346,KEP
4347,KEQU
4348,KERN
4349,KEX
4350,KEY
4351,KEYS
4352,KF
4353,KFFB
4354,KFRC
4355,KFS
4356,KFY
4357,KFYP
4358,KGC
4359,KGFHY
4360,KGJI
4361,KGRN
4362,KHC
4363,KIDS
4364,KIE
4365,KIM
4366,KIN
4367,KINS
4368,KIO
4369,KIQ
4370,KIRK
4371,KJAN
4372,KKR
4373,KL
4374,KLAC
4375,KLCD
4376,KLDO
4377,KLDW
4378,KLIC
4379,KLR
4380,KLXE
4381,KLXI
4382,KMB
4383,KMDA
4384,KMED
4385,KMF
4386,KMI
4387,KMPH
4388,KMPR
4389,KMT
4390,KMTUY
4391,KMX
4392,KN
4393,KNAB
4394,KNBWY
4395,KNDI
4396,KNG
4397,KNL
4398,KNOP
4399,KNOW
4400,KNSA
4401,KNSL
4402,KNX
4403,KNYJY
4404,KO
4405,KOCT
4406,KOD
4407,KODK
4408,KOF
4409,KOIN
4410,KOKU
4411,KOL
4412,KOLD
4413,KOMP
4414,KOP
4415,KOPN
4416,KOR
4417,KORP
4418,KORU
4419,KOS
4420,KOSS
4421,KPCPY
4422,KPTI
4423,KR
4424,KRA
4425,KRC
4426,KRE
4427,KREF
4428,KRG
4429,KRKR
4430,KRMA
4431,KRMD
4432,KRNT
4433,KRNY
4434,KRO
4435,KROS
4436,KRP
4437,KRTX
4438,KRUS
4439,KRYS
4440,KS
4441,KSA
4442,KSCD
4443,KSM
4444,KSS
4445,KSU
4446,KT
4447,KTB
4448,KTCC
4449,KTF
4450,KTOS
4451,KTOV
4452,KURA
4453,KURE
4454,KVHI
4455,KW
4456,KWEB
4457,KWR
4458,KXI
4459,KXIN
4460,KYE
4461,KYN
4462,KYOCY
4463,KZIA
4464,KZMYY
4465,KZR
4466,L
4467,LABD
4468,LABU
4469,LAC
4470,LACK
4471,LACQ
4472,LAD
4473,LADR
4474,LAIX
4475,LAKE
4476,LAMR
4477,LANC
4478,LAND
4479,LARK
4480,LASR
4481,LATN
4482,LAUR
4483,LAWS
4484,LAZ
4485,LAZY
4486,LB
4487,LBAI
4488,LBC
4489,LBDC
4490,LBJ
4491,LBRDA
4492,LBRDK
4493,LBRT
4494,LBTYA
4495,LBTYB
4496,LBTYK
4497,LBY
4498,LC
4499,LCA
4500,LCI
4501,LCII
4502,LCM
4503,LCNB
4504,LCR
4505,LCTX
4506,LCUT
4507,LD
4508,LDEM
4509,LDL
4510,LDOS
4511,LDP
4512,LDRI
4513,LDRS
4514,LDSF
4515,LDUR
4516,LE
4517,LEA
4518,LEAD
4519,LEAF
4520,LECO
4521,LEDS
4522,LEE
4523,LEG
4524,LEGH
4525,LEGN
4526,LEGR
4527,LEJU
4528,LEMB
4529,LEN.B
4530,LEN
4531,LEND
4532,LEO
4533,LEU
4534,LEVI
4535,LEVL
4536,LFAC
4537,LFC
4538,LFEQ
4539,LFUS
4540,LFVN
4541,LGC
4542,LGCY
4543,LGF.A
4544,LGF.B
4545,LGH
4546,LGI
4547,LGIH
4548,LGL
4549,LGLV
4550,LGND
4551,LGOV
4552,LH
4553,LHC
4554,LHCG
4555,LHX
4556,LIFE
4557,LII
4558,LILA
4559,LILAK
4560,LIN
4561,LINC
4562,LIND
4563,LINX
4564,LIQT
4565,LIT
4566,LITB
4567,LITE
4568,LIVE
4569,LIVK
4570,LIVN
4571,LIVX
4572,LIZI
4573,LJPC
4574,LK
4575,LKCO
4576,LKFN
4577,LKM
4578,LKOR
4579,LKQ
4580,LL
4581,LLESY
4582,LLEX
4583,LLIT
4584,LLL
4585,LLNW
4586,LLY
4587,LM
4588,LMAT
4589,LMB
4590,LMBS
4591,LMFA
4592,LMLB
4593,LMLP
4594,LMNL
4595,LMNR
4596,LMNX
4597,LMPX
4598,LMRK
4599,LMST
4600,LMT
4601,LN
4602,LNC
4603,LND
4604,LNDC
4605,LNG
4606,LNGR
4607,LNN
4608,LNSTY
4609,LNT
4610,LNTH
4611,LOAC
4612,LOAK
4613,LOAN
4614,LOB
4615,LOCO
4616,LODE
4617,LOGC
4618,LOGI
4619,LOGM
4620,LOMA
4621,LONE
4622,LOOP
4623,LOPE
4624,LORL
4625,LOUP
4626,LOV
4627,LOVE
4628,LOW
4629,LOWC
4630,LPCN
4631,LPG
4632,LPI
4633,LPL
4634,LPLA
4635,LPRO
4636,LPSN
4637,LPT
4638,LPTH
4639,LPTX
4640,LPX
4641,LQD
4642,LQDA
4643,LQDH
4644,LQDI
4645,LQDT
4646,LRCX
4647,LRET
4648,LRGE
4649,LRGF
4650,LRMR
4651,LRN
4652,LRNZ
4653,LSAC
4654,LSAF
4655,LSBK
4656,LSCC
4657,LSI
4658,LSLT
4659,LSST
4660,LSTR
4661,LSXMA
4662,LSXMB
4663,LSXMK
4664,LTBR
4665,LTC
4666,LTHM
4667,LTL
4668,LTM
4669,LTPZ
4670,LTRN
4671,LTRPA
4672,LTRPB
4673,LTRX
4674,LTS
4675,LUB
4676,LUKOY
4677,LULU
4678,LUMO
4679,LUNA
4680,LUV
4681,LVGO
4682,LVHB
4683,LVHD
4684,LVHE
4685,LVHI
4686,LVL
4687,LVS
4688,LVUS
4689,LW
4690,LWAY
4691,LX
4692,LXFR
4693,LXP
4694,LXRX
4695,LXU
4696,LYB
4697,LYFT
4698,LYG
4699,LYL
4700,LYRA
4701,LYTS
4702,LYV
4703,LZAGY
4704,LZB
4705,M
4706,MA
4707,MAA
4708,MAAX
4709,MAC
4710,MACK
4711,MAG
4712,MAGA
4713,MAGS
4714,MAIN
4715,MAKSY
4716,MAN
4717,MANH
4718,MANT
4719,MANU
4720,MAR
4721,MARA
4722,MARB
4723,MARK
4724,MARPS
4725,MAS
4726,MASI
4727,MAT
4728,MATF
4729,MATW
4730,MATX
4731,MAURY
4732,MAV
4733,MAXR
4734,MAYS
4735,MBB
4736,MBCN
4737,MBI
4738,MBII
4739,MBIN
4740,MBIO
4741,MBOT
4742,MBRX
4743,MBSD
4744,MBT
4745,MBUU
4746,MBWM
4747,MC
4748,MCA
4749,MCB
4750,MCBC
4751,MCBS
4752,MCC
4753,MCD
4754,MCEF
4755,MCEP
4756,MCF
4757,MCFT
4758,MCHI
4759,MCHP
4760,MCHX
4761,MCI
4762,MCK
4763,MCMJ
4764,MCN
4765,MCO
4766,MCR
4767,MCRB
4768,MCRI
4769,MCRO
4770,MCS
4771,MCY
4772,MD
4773,MDB
4774,MDC
4775,MDCA
4776,MDGL
4777,MDGS
4778,MDIA
4779,MDIV
4780,MDJH
4781,MDLA
4782,MDLY
4783,MDLZ
4784,MDP
4785,MDR
4786,MDRR
4787,MDRX
4788,MDT
4789,MDU
4790,MDWD
4791,MDY
4792,MDYG
4793,MDYV
4794,MEAR
4795,MEC
4796,MED
4797,MEDP
4798,MEDS
4799,MEET
4800,MEGEF
4801,MEI
4802,MEIP
4803,MELI
4804,MEN
4805,MEOH
4806,MERC
4807,MESA
4808,MESO
4809,MET
4810,METC
4811,METX
4812,MEXX
4813,MFA
4814,MFAC
4815,MFC
4816,MFD
4817,MFDX
4818,MFEM
4819,MFG
4820,MFGP
4821,MFH
4822,MFIN
4823,MFL
4824,MFM
4825,MFMS
4826,MFNC
4827,MFSF
4828,MFT
4829,MFUS
4830,MFV
4831,MG
4832,MGA
4833,MGC
4834,MGEE
4835,MGEN
4836,MGF
4837,MGI
4838,MGIC
4839,MGK
4840,MGLN
4841,MGM
4842,MGNX
4843,MGP
4844,MGPI
4845,MGRC
4846,MGTA
4847,MGTX
4848,MGU
4849,MGV
4850,MGY
4851,MGYR
4852,MHD
4853,MHE
4854,MHF
4855,MHGVY
4856,MHH
4857,MHI
4858,MHK
4859,MHLD
4860,MHN
4861,MHO
4862,MIC
4863,MICR
4864,MICT
4865,MIDD
4866,MIDF
4867,MIDU
4868,MIDZ
4869,MIE
4870,MIELY
4871,MIK
4872,MILN
4873,MIME
4874,MIN
4875,MINC
4876,MIND
4877,MINI
4878,MINT
4879,MIRM
4880,MIST
4881,MITEY
4882,MITK
4883,MITO
4884,MITSY
4885,MITT
4886,MIXT
4887,MIY
4888,MJ
4889,MJCO
4890,MJJ
4891,MJO
4892,MKC
4893,MKC.V
4894,MKD
4895,MKGI
4896,MKL
4897,MKSI
4898,MKTAY
4899,MKTX
4900,MLAB
4901,MLCO
4902,MLHR
4903,MLI
4904,MLM
4905,MLN
4906,MLND
4907,MLNX
4908,MLP
4909,MLPA
4910,MLPB
4911,MLPC
4912,MLPE
4913,MLPG
4914,MLPI
4915,MLPO
4916,MLPQ
4917,MLPR
4918,MLPX
4919,MLPY
4920,MLPZ
4921,MLR
4922,MLSS
4923,MLTI
4924,MLVF
4925,MMAC
4926,MMC
4927,MMD
4928,MMI
4929,MMIN
4930,MMIT
4931,MMLP
4932,MMM
4933,MMP
4934,MMS
4935,MMSI
4936,MMT
4937,MMTM
4938,MMU
4939,MMV
4940,MMX
4941,MMYT
4942,MN
4943,MNA
4944,MNCL
4945,MNDO
4946,MNE
4947,MNI
4948,MNK
4949,MNKD
4950,MNLO
4951,MNOV
4952,MNP
4953,MNPR
4954,MNR
4955,MNRL
4956,MNRO
4957,MNSB
4958,MNST
4959,MNTA
4960,MNTX
4961,MO
4962,MOAT
4963,MOBL
4964,MOD
4965,MODN
4966,MOFG
4967,MOG.A
4968,MOG.B
4969,MOGO
4970,MOGU
4971,MOH
4972,MOHO
4973,MOM
4974,MOMO
4975,MONOY
4976,MOO
4977,MOR
4978,MORF
4979,MORL
4980,MORN
4981,MORT
4982,MOS
4983,MOSC
4984,MOSY
4985,MOTI
4986,MOTO
4987,MOTS
4988,MOV
4989,MOXC
4990,MPA
4991,MPAA
4992,MPB
4993,MPC
4994,MPLX
4995,MPV
4996,MPVD
4997,MPW
4998,MPWR
4999,MPX
5000,MQBKY
5001,MQT
5002,MQY
5003,MR
5004,MRAAY
5005,MRAM
5006,MRBK
5007,MRC
5008,MRCC
5009,MRCY
5010,MREO
5011,MRGR
5012,MRIC
5013,MRIN
5014,MRK
5015,MRKR
5016,MRLN
5017,MRNA
5018,MRNS
5019,MRO
5020,MRRL
5021,MRSN
5022,MRTN
5023,MRTX
5024,MRUS
5025,MRVL
5026,MRWSY
5027,MS
5028,MSA
5029,MSADY
5030,MSB
5031,MSBF
5032,MSBI
5033,MSC
5034,MSCI
5035,MSD
5036,MSEX
5037,MSFT
5038,MSGE
5039,MSGN
5040,MSGS
5041,MSI
5042,MSM
5043,MSN
5044,MSON
5045,MSP
5046,MSTR
5047,MSUS
5048,MSVB
5049,MSVX
5050,MT
5051,MTA
5052,MTB
5053,MTBC
5054,MTC
5055,MTCH
5056,MTD
5057,MTDR
5058,MTEM
5059,MTEX
5060,MTG
5061,MTGE
5062,MTGP
5063,MTH
5064,MTL-
5065,MTL
5066,MTLS
5067,MTN
5068,MTNB
5069,MTNOY
5070,MTOR
5071,MTP
5072,MTR
5073,MTRN
5074,MTRX
5075,MTSC
5076,MTSI
5077,MTT
5078,MTUM
5079,MTW
5080,MTX
5081,MTZ
5082,MTZPY
5083,MU
5084,MUA
5085,MUB
5086,MUC
5087,MUDS
5088,MUE
5089,MUFG
5090,MUH
5091,MUI
5092,MUJ
5093,MUNI
5094,MUR
5095,MURGY
5096,MUS
5097,MUSA
5098,MUST
5099,MUTE
5100,MUX
5101,MVBF
5102,MVC
5103,MVF
5104,MVIN
5105,MVIS
5106,MVO
5107,MVRL
5108,MVT
5109,MVV
5110,MWA
5111,MWK
5112,MX
5113,MXC
5114,MXDE
5115,MXDU
5116,MXE
5117,MXF
5118,MXI
5119,MXIM
5120,MXL
5121,MYC
5122,MYD
5123,MYE
5124,MYF
5125,MYFW
5126,MYGN
5127,MYI
5128,MYJ
5129,MYL
5130,MYN
5131,MYO
5132,MYOK
5133,MYOS
5134,MYOV
5135,MYRG
5136,MYSZ
5137,MYT
5138,MYY
5139,MZA
5140,MZDAY
5141,MZF
5142,MZOR
5143,MZZ
5144,NABZY
5145,NAC
5146,NACP
5147,NAD
5148,NAII
5149,NAIL
5150,NAK
5151,NAKD
5152,NAN
5153,NANR
5154,NAO
5155,NAOV
5156,NAP
5157,NAPR
5158,NARI
5159,NAT
5160,NATH
5161,NATI
5162,NATR
5163,NAV
5164,NAVB
5165,NAVI
5166,NAZ
5167,NBAC
5168,NBB
5169,NBEV
5170,NBH
5171,NBHC
5172,NBIX
5173,NBL
5174,NBLX
5175,NBN
5176,NBO
5177,NBR
5178,NBRV
5179,NBSE
5180,NBTB
5181,NBW
5182,NBY
5183,NC
5184,NCA
5185,NCB
5186,NCBS
5187,NCLH
5188,NCMGY
5189,NCMI
5190,NCNA
5191,NCR
5192,NCSM
5193,NCTY
5194,NCV
5195,NCZ
5196,NDAQ
5197,NDEKY
5198,NDLS
5199,NDP
5200,NDRA
5201,NDSN
5202,NE
5203,NEA
5204,NEAR
5205,NEBU
5206,NEE
5207,NEED
5208,NEM
5209,NEN
5210,NEO
5211,NEOG
5212,NEON
5213,NEOS
5214,NEP
5215,NEPH
5216,NEPT
5217,NERD
5218,NERV
5219,NES
5220,NESR
5221,NET
5222,NETE
5223,NETL
5224,NEU
5225,NEV
5226,NEW
5227,NEWA
5228,NEWR
5229,NEWT
5230,NEX
5231,NEXA
5232,NEXT
5233,NFBK
5234,NFE
5235,NFG
5236,NFH
5237,NFIN
5238,NFJ
5239,NFLT
5240,NFLX
5241,NFO
5242,NFRA
5243,NFTY
5244,NG
5245,NGD
5246,NGE
5247,NGG
5248,NGHC
5249,NGL
5250,NGM
5251,NGS
5252,NGVC
5253,NGVT
5254,NH
5255,NHA
5256,NHC
5257,NHF
5258,NHI
5259,NHLD
5260,NHS
5261,NHTC
5262,NHYDY
5263,NI
5264,NIB
5265,NICE
5266,NICK
5267,NID
5268,NIE
5269,NIFE
5270,NILSY
5271,NIM
5272,NINE
5273,NIO
5274,NIQ
5275,NIU
5276,NJAN
5277,NJDCY
5278,NJR
5279,NJV
5280,NK
5281,NKE
5282,NKG
5283,NKLA
5284,NKSH
5285,NKTR
5286,NKX
5287,NL
5288,NLNK
5289,NLOK
5290,NLR
5291,NLS
5292,NLSN
5293,NLTX
5294,NLY
5295,NM
5296,NMCI
5297,NMCO
5298,NMFC
5299,NMI
5300,NMIH
5301,NML
5302,NMM
5303,NMR
5304,NMRD
5305,NMRK
5306,NMS
5307,NMT
5308,NMTR
5309,NMY
5310,NMZ
5311,NNA
5312,NNBR
5313,NNDM
5314,NNGRY
5315,NNI
5316,NNN
5317,NNVC
5318,NNY
5319,NOA
5320,NOAH
5321,NOBL
5322,NOC
5323,NOCT
5324,NODK
5325,NOG
5326,NOK
5327,NOM
5328,NOMD
5329,NORW
5330,NOV
5331,NOVA
5332,NOVN
5333,NOVS
5334,NOVT
5335,NOW
5336,NP
5337,NPA
5338,NPK
5339,NPN
5340,NPO
5341,NPSNY
5342,NPTN
5343,NPV
5344,NQP
5345,NR
5346,NRBO
5347,NRC
5348,NREF
5349,NRG
5350,NRGD
5351,NRGO
5352,NRGU
5353,NRGX
5354,NRGZ
5355,NRIM
5356,NRK
5357,NRO
5358,NRP
5359,NRT
5360,NRZ
5361,NS
5362,NSA
5363,NSANY
5364,NSC
5365,NSCO
5366,NSIT
5367,NSL
5368,NSM
5369,NSP
5370,NSPR
5371,NSRGY
5372,NSSC
5373,NSTG
5374,NSYS
5375,NTAP
5376,NTB
5377,NTCO
5378,NTCT
5379,NTDOY
5380,NTEC
5381,NTES
5382,NTG
5383,NTGN
5384,NTGR
5385,NTIC
5386,NTIP
5387,NTLA
5388,NTN
5389,NTNX
5390,NTP
5391,NTR
5392,NTRA
5393,NTRP
5394,NTRS
5395,NTSX
5396,NTTYY
5397,NTUS
5398,NTWK
5399,NTX
5400,NUAG
5401,NUAN
5402,NUBD
5403,NUDM
5404,NUE
5405,NUEM
5406,NUGT
5407,NUHY
5408,NULC
5409,NULG
5410,NULV
5411,NUM
5412,NUMG
5413,NUMV
5414,NUO
5415,NURE
5416,NURO
5417,NUS
5418,NUSA
5419,NUSC
5420,NUSI
5421,NUV
5422,NUVA
5423,NUW
5424,NVAX
5425,NVCN
5426,NVCR
5427,NVDA
5428,NVEC
5429,NVEE
5430,NVFY
5431,NVG
5432,NVGS
5433,NVIV
5434,NVMI
5435,NVO
5436,NVR
5437,NVRO
5438,NVS
5439,NVST
5440,NVT
5441,NVTA
5442,NVUS
5443,NVZMY
5444,NWBI
5445,NWE
5446,NWFL
5447,NWGI
5448,NWHM
5449,NWL
5450,NWLI
5451,NWN
5452,NWPX
5453,NWS
5454,NWSA
5455,NX
5456,NXC
5457,NXE
5458,NXEO
5459,NXEOU
5460,NXGN
5461,NXJ
5462,NXN
5463,NXP
5464,NXPI
5465,NXQ
5466,NXR
5467,NXRT
5468,NXST
5469,NXTC
5470,NXTD
5471,NXTG
5472,NYCB
5473,NYF
5474,NYH
5475,NYMT
5476,NYMX
5477,NYRT
5478,NYT
5479,NYV
5480,NZF
5481,O
5482,OAC
5483,OAS
5484,OASI
5485,OBCI
5486,OBE
5487,OBLG
5488,OBLN
5489,OBNK
5490,OBOR
5491,OBSV
5492,OC
5493,OCC
5494,OCCI
5495,OCFC
5496,OCFT
5497,OCGN
5498,OCIO
5499,OCN
5500,OCPNY
5501,OCSI
5502,OCSL
5503,OCUL
5504,OCX
5505,ODC
5506,ODFL
5507,ODP
5508,ODT
5509,OEC
5510,OEF
5511,OEG
5512,OESX
5513,OEUR
5514,OFC
5515,OFED
5516,OFG
5517,OFIX
5518,OFLX
5519,OFS
5520,OGCP
5521,OGE
5522,OGEN
5523,OGI
5524,OGIG
5525,OGS
5526,OGZPY
5527,OHI
5528,OHRP
5529,OI
5530,OIA
5531,OIBR.C
5532,OIH
5533,OII
5534,OIIL
5535,OIIM
5536,OIL
5537,OILD
5538,OILK
5539,OILU
5540,OILX
5541,OIS
5542,OISHY
5543,OKE
5544,OKTA
5545,OLD
5546,OLED
5547,OLEM
5548,OLLI
5549,OLN
5550,OLP
5551,OMAB
5552,OMC
5553,OMCL
5554,OMER
5555,OMEX
5556,OMF
5557,OMFL
5558,OMFS
5559,OMI
5560,OMN
5561,OMOM
5562,OMP
5563,OMRNY
5564,ON
5565,ONB
5566,ONCS
5567,ONCT
5568,ONCY
5569,ONDK
5570,ONE
5571,ONEM
5572,ONEO
5573,ONEQ
5574,ONEV
5575,ONEW
5576,ONEY
5577,ONLN
5578,ONP
5579,ONTL
5580,ONTO
5581,ONTX
5582,ONVO
5583,OOMA
5584,OPB
5585,OPBK
5586,OPCH
5587,OPER
5588,OPES
5589,OPGN
5590,OPHC
5591,OPI
5592,OPK
5593,OPNT
5594,OPOF
5595,OPP
5596,OPRA
5597,OPRT
5598,OPRX
5599,OPTN
5600,OPTT
5601,OPY
5602,OQAL
5603,OR
5604,ORA
5605,ORBC
5606,ORC
5607,ORCC
5608,ORCL
5609,ORG
5610,ORGO
5611,ORGS
5612,ORI
5613,ORIC
5614,ORKLY
5615,ORLY
5616,ORMP
5617,ORN
5618,ORRF
5619,ORSN
5620,ORTX
5621,OSB
5622,OSBC
5623,OSCV
5624,OSG
5625,OSIS
5626,OSIZ
5627,OSK
5628,OSMT
5629,OSN
5630,OSPN
5631,OSS
5632,OSTK
5633,OSUR
5634,OSW
5635,OTEL
5636,OTEX
5637,OTIC
5638,OTIS
5639,OTLK
5640,OTSKY
5641,OTTR
5642,OTTW
5643,OUNZ
5644,OUSA
5645,OUSM
5646,OVB
5647,OVBC
5648,OVCHY
5649,OVF
5650,OVID
5651,OVL
5652,OVLU
5653,OVLY
5654,OVM
5655,OVOL
5656,OVS
5657,OVV
5658,OXBR
5659,OXFD
5660,OXLC
5661,OXM
5662,OXSQ
5663,OXY
5664,OYLD
5665,OYST
5666,OZK
5667,P
5668,PAA
5669,PAAC
5670,PAAS
5671,PAC
5672,PACA
5673,PACB
5674,PACD
5675,PACK
5676,PACQ
5677,PACW
5678,PAE
5679,PAG
5680,PAGP
5681,PAGS
5682,PAH
5683,PAHC
5684,PAI
5685,PAK
5686,PALL
5687,PAM
5688,PANL
5689,PANW
5690,PAPR
5691,PAR
5692,PARR
5693,PASG
5694,PASS
5695,PATI
5696,PATK
5697,PAUG
5698,PAVE
5699,PAVM
5700,PAWZ
5701,PAYC
5702,PAYS
5703,PAYX
5704,PB
5705,PBA
5706,PBBI
5707,PBCT
5708,PBD
5709,PBDM
5710,PBE
5711,PBEE
5712,PBF
5713,PBFS
5714,PBFX
5715,PBH
5716,PBHC
5717,PBI
5718,PBIP
5719,PBJ
5720,PBND
5721,PBP
5722,PBPB
5723,PBR.A
5724,PBR
5725,PBS
5726,PBSFY
5727,PBSK
5728,PBSM
5729,PBT
5730,PBTP
5731,PBTS
5732,PBUS
5733,PBW
5734,PBYI
5735,PCAR
5736,PCB
5737,PCEF
5738,PCF
5739,PCG
5740,PCH
5741,PCI
5742,PCK
5743,PCM
5744,PCN
5745,PCOM
5746,PCPL
5747,PCQ
5748,PCRFY
5749,PCRX
5750,PCSB
5751,PCTI
5752,PCTY
5753,PCVX
5754,PCY
5755,PCYG
5756,PCYO
5757,PD
5758,PDBC
5759,PDCE
5760,PDCO
5761,PDD
5762,PDEC
5763,PDEV
5764,PDEX
5765,PDFS
5766,PDI
5767,PDLB
5768,PDLI
5769,PDM
5770,PDN
5771,PDP
5772,PDS
5773,PDSB
5774,PDT
5775,PDYPY
5776,PE
5777,PEAK
5778,PEB
5779,PEBK
5780,PEBO
5781,PECK
5782,PED
5783,PEG
5784,PEGA
5785,PEGI
5786,PEI
5787,PEIX
5788,PEJ
5789,PEN
5790,PENN
5791,PEO
5792,PEP
5793,PER
5794,PERI
5795,PERY
5796,PESI
5797,PETQ
5798,PETS
5799,PETZ
5800,PETZC
5801,PEX
5802,PEXL
5803,PEY
5804,PEYUF
5805,PEZ
5806,PFBC
5807,PFBI
5808,PFD
5809,PFE
5810,PFEB
5811,PFF
5812,PFFA
5813,PFFD
5814,PFFL
5815,PFFR
5816,PFG
5817,PFGC
5818,PFHD
5819,PFI
5820,PFIE
5821,PFIG
5822,PFIN
5823,PFIS
5824,PFL
5825,PFLD
5826,PFLT
5827,PFM
5828,PFMT
5829,PFN
5830,PFNX
5831,PFO
5832,PFPT
5833,PFS
5834,PFSI
5835,PFSW
5836,PFXF
5837,PG
5838,PGAL
5839,PGC
5840,PGEN
5841,PGF
5842,PGHY
5843,PGJ
5844,PGM
5845,PGNX
5846,PGNY
5847,PGP
5848,PGR
5849,PGRE
5850,PGTI
5851,PGX
5852,PGZ
5853,PH
5854,PHAS
5855,PHAT
5856,PHB
5857,PHCF
5858,PHD
5859,PHDG
5860,PHG
5861,PHGE
5862,PHI
5863,PHIO
5864,PHK
5865,PHM
5866,PHO
5867,PHR
5868,PHT
5869,PHUN
5870,PHX
5871,PHYL
5872,PHYS
5873,PI
5874,PIC
5875,PICB
5876,PICK
5877,PICO
5878,PID
5879,PIE
5880,PIH
5881,PII
5882,PILL
5883,PIM
5884,PIN
5885,PINC
5886,PINE
5887,PING
5888,PINS
5889,PIO
5890,PIPR
5891,PIR
5892,PIRS
5893,PIXY
5894,PIZ
5895,PJAN
5896,PJP
5897,PJT
5898,PJUL
5899,PJUN
5900,PK
5901,PKB
5902,PKBK
5903,PKD
5904,PKD~
5905,PKE
5906,PKG
5907,PKI
5908,PKO
5909,PKOH
5910,PKW
5911,PKX
5912,PLAB
5913,PLAG
5914,PLAN
5915,PLAT
5916,PLAY
5917,PLBC
5918,PLC
5919,PLCE
5920,PLCY
5921,PLD
5922,PLG
5923,PLIN
5924,PLL
5925,PLM
5926,PLMR
5927,PLNT
5928,PLOW
5929,PLPC
5930,PLRX
5931,PLSE
5932,PLT
5933,PLTM
5934,PLUG
5935,PLUS
5936,PLW
5937,PLX
5938,PLXP
5939,PLXS
5940,PLYA
5941,PLYM
5942,PM
5943,PMAR
5944,PMAY
5945,PMBC
5946,PMD
5947,PME
5948,PMF
5949,PML
5950,PMM
5951,PMO
5952,PMOM
5953,PMPT
5954,PMR
5955,PMT
5956,PMTS
5957,PMX
5958,PNBK
5959,PNC
5960,PNF
5961,PNFP
5962,PNGAY
5963,PNI
5964,PNK
5965,PNM
5966,PNNT
5967,PNOV
5968,PNQI
5969,PNR
5970,PNRG
5971,PNRL
5972,PNTG
5973,PNW
5974,POAHY
5975,POAI
5976,POCT
5977,PODD
5978,POL
5979,POLA
5980,POOL
5981,POPE
5982,POR
5983,POST
5984,POTX
5985,POWI
5986,POWL
5987,PPA
5988,PPBI
5989,PPC
5990,PPD
5991,PPDM
5992,PPEM
5993,PPERY
5994,PPG
5995,PPH
5996,PPHI
5997,PPIH
5998,PPL
5999,PPLC
6000,PPLN
6001,PPLT
6002,PPMC
6003,PPR
6004,PPSC
6005,PPSI
6006,PPT
6007,PPTY
6008,PQG
6009,PQIN
6010,PQLC
6011,PQSG
6012,PQSV
6013,PRA
6014,PRAA
6015,PRAH
6016,PRCP
6017,PRDO
6018,PREF
6019,PRF
6020,PRFT
6021,PRFZ
6022,PRGO
6023,PRGS
6024,PRGX
6025,PRI
6026,PRIM
6027,PRK
6028,PRLB
6029,PRMW
6030,PRNB
6031,PRNT
6032,PRO
6033,PROF
6034,PROS
6035,PROV
6036,PRPH
6037,PRPL
6038,PRPO
6039,PRQR
6040,PRSC
6041,PRSP
6042,PRT
6043,PRTA
6044,PRTH
6045,PRTK
6046,PRTS
6047,PRTY
6048,PRU
6049,PRVB
6050,PRVL
6051,PS
6052,PSA
6053,PSB
6054,PSC
6055,PSCC
6056,PSCD
6057,PSCE
6058,PSCF
6059,PSCH
6060,PSCI
6061,PSCM
6062,PSCT
6063,PSCU
6064,PSEC
6065,PSEP
6066,PSET
6067,PSF
6068,PSHG
6069,PSI
6070,PSJ
6071,PSK
6072,PSL
6073,PSLV
6074,PSM
6075,PSMB
6076,PSMC
6077,PSMG
6078,PSMM
6079,PSMMY
6080,PSMT
6081,PSN
6082,PSNL
6083,PSO
6084,PSP
6085,PSQ
6086,PSR
6087,PST
6088,PSTG
6089,PSTI
6090,PSTL
6091,PSTV
6092,PSV
6093,PSX
6094,PSXP
6095,PT
6096,PTAC
6097,PTBD
6098,PTC
6099,PTCT
6100,PTE
6101,PTEN
6102,PTEU
6103,PTF
6104,PTGX
6105,PTH
6106,PTI
6107,PTIN
6108,PTLA
6109,PTLC
6110,PTMC
6111,PTMN
6112,PTN
6113,PTNQ
6114,PTNR
6115,PTON
6116,PTR
6117,PTSI
6118,PTVCA
6119,PTVCB
6120,PTY
6121,PUB
6122,PUI
6123,PUK
6124,PULM
6125,PULS
6126,PUMP
6127,PUTW
6128,PUYI
6129,PVAC
6130,PVAL
6131,PVBC
6132,PVG
6133,PVH
6134,PVI
6135,PVL
6136,PVT
6137,PW
6138,PWB
6139,PWC
6140,PWCDF
6141,PWFL
6142,PWOD
6143,PWR
6144,PWS
6145,PWV
6146,PWZ
6147,PXD
6148,PXE
6149,PXF
6150,PXH
6151,PXI
6152,PXJ
6153,PXLW
6154,PXQ
6155,PXS
6156,PY
6157,PYN
6158,PYPE
6159,PYPL
6160,PYX
6161,PYZ
6162,PZA
6163,PZC
6164,PZD
6165,PZG
6166,PZN
6167,PZT
6168,PZZA
6169,QABA
6170,QADA
6171,QADB
6172,QAI
6173,QARP
6174,QAT
6175,QBAK
6176,QBIEY
6177,QCLN
6178,QCOM
6179,QCP
6180,QCRH
6181,QD
6182,QDEF
6183,QDEL
6184,QDF
6185,QDIV
6186,QDYN
6187,QED
6188,QEFA
6189,QEMM
6190,QEP
6191,QES
6192,QFIN
6193,QGEN
6194,QGRO
6195,QGTA
6196,QHC
6197,QID
6198,QINT
6199,QIWI
6200,QK
6201,QLC
6202,QLD
6203,QLGN
6204,QLS
6205,QLTA
6206,QLV
6207,QLVD
6208,QLVE
6209,QLYS
6210,QMCO
6211,QMJ
6212,QMN
6213,QMOM
6214,QNST
6215,QQEW
6216,QQH
6217,QQQ
6218,QQQE
6219,QQQX
6220,QQXT
6221,QRFT
6222,QRHC
6223,QRTEA
6224,QRTEB
6225,QRVO
6226,QSR
6227,QSY
6228,QTEC
6229,QTNT
6230,QTRX
6231,QTS
6232,QTT
6233,QTUM
6234,QTWO
6235,QUAD
6236,QUAL
6237,QUIK
6238,QUMU
6239,QUOT
6240,QURE
6241,QUS
6242,QVAL
6243,QVM
6244,QWLD
6245,QXMI
6246,QYLD
6247,R
6248,RA
6249,RAAX
6250,RAD
6251,RADA
6252,RAFE
6253,RAIL
6254,RALS
6255,RAMP
6256,RAND
6257,RAPT
6258,RARE
6259,RARX
6260,RAVE
6261,RAVI
6262,RAVN
6263,RBA
6264,RBB
6265,RBBN
6266,RBC
6267,RBCAA
6268,RBCN
6269,RBGLY
6270,RBIN
6271,RBKB
6272,RBNC
6273,RBS
6274,RBUS
6275,RBZ
6276,RC
6277,RCD
6278,RCEL
6279,RCG
6280,RCI
6281,RCII
6282,RCKT
6283,RCKY
6284,RCL
6285,RCM
6286,RCMT
6287,RCON
6288,RCS
6289,RCUS
6290,RDCM
6291,RDEIY
6292,RDFN
6293,RDHL
6294,RDI
6295,RDIB
6296,RDIV
6297,RDN
6298,RDNT
6299,RDOG
6300,RDS.A
6301,RDS.B
6302,RDSMY
6303,RDUS
6304,RDVT
6305,RDVY
6306,RDWR
6307,RDY
6308,RE
6309,REAL
6310,RECS
6311,REDU
6312,REDV
6313,REED
6314,REEM
6315,REET
6316,REFA
6317,REFR
6318,REG
6319,REGI
6320,REGL
6321,REGN
6322,REI
6323,REIS
6324,REK
6325,REKR
6326,RELL
6327,RELV
6328,RELX
6329,REM
6330,REML
6331,REMX
6332,RENN
6333,RENW
6334,RENX
6335,REPH
6336,REPL
6337,RES
6338,RESD
6339,RESE
6340,RESI
6341,RESN
6342,RESP
6343,RETA
6344,RETL
6345,RETO
6346,REV
6347,REVG
6348,REVS
6349,REW
6350,REX
6351,REXN
6352,REXR
6353,REYN
6354,REZ
6355,REZI
6356,RF
6357,RFAP
6358,RFCI
6359,RFDA
6360,RFDI
6361,RFEM
6362,RFEU
6363,RFFC
6364,RFG
6365,RFI
6366,RFIL
6367,RFL
6368,RFM
6369,RFP
6370,RFUN
6371,RFV
6372,RGA
6373,RGCO
6374,RGEN
6375,RGI
6376,RGLB
6377,RGLD
6378,RGLS
6379,RGNX
6380,RGP
6381,RGR
6382,RGS
6383,RGT
6384,RH
6385,RHE
6386,RHHBY
6387,RHI
6388,RHP
6389,RHS
6390,RIBT
6391,RICK
6392,RIDV
6393,RIF
6394,RIG
6395,RIGL
6396,RIGS
6397,RILY
6398,RINF
6399,RING
6400,RIO
6401,RIOT
6402,RISE
6403,RIV
6404,RIVE
6405,RJA
6406,RJF
6407,RJI
6408,RJN
6409,RJZ
6410,RKDA
6411,RKUNY
6412,RL
6413,RLGT
6414,RLGY
6415,RLH
6416,RLI
6417,RLJ
6418,RLJE
6419,RLMD
6420,RLY
6421,RM
6422,RMAX
6423,RMBI
6424,RMBL
6425,RMBS
6426,RMCF
6427,RMD
6428,RMED
6429,RMG
6430,RMGN
6431,RMI
6432,RMM
6433,RMNI
6434,RMR
6435,RMT
6436,RMTI
6437,RNA
6438,RNDB
6439,RNDM
6440,RNDV
6441,RNEM
6442,RNET
6443,RNG
6444,RNGR
6445,RNLC
6446,RNMC
6447,RNP
6448,RNR
6449,RNSC
6450,RNST
6451,RNWK
6452,ROAD
6453,ROAM
6454,ROBO
6455,ROBT
6456,ROCH
6457,ROCK
6458,RODE
6459,RODI
6460,RODM
6461,ROG
6462,ROIC
6463,ROK
6464,ROKT
6465,ROKU
6466,ROL
6467,ROLL
6468,ROM
6469,ROMO
6470,ROOF
6471,ROP
6472,RORE
6473,ROSC
6474,ROSE
6475,ROST
6476,ROUS
6477,ROYMY
6478,ROYT
6479,RP
6480,RPAI
6481,RPAR
6482,RPAY
6483,RPD
6484,RPG
6485,RPLA
6486,RPM
6487,RPRX
6488,RPT
6489,RPUT
6490,RPV
6491,RQI
6492,RRBI
6493,RRC
6494,RRD
6495,RRGB
6496,RRR
6497,RRTS
6498,RS
6499,RSF
6500,RSG
6501,RSP
6502,RSSS
6503,RST
6504,RSX
6505,RSXJ
6506,RTH
6507,RTIX
6508,RTL
6509,RTLR
6510,RTM
6511,RTMVY
6512,RTN
6513,RTOKY
6514,RTR
6515,RTRX
6516,RTTR
6517,RTW
6518,RTX
6519,RUBI
6520,RUBY
6521,RUHN
6522,RUN
6523,RUSHA
6524,RUSHB
6525,RUSL
6526,RUSS
6527,RUTH
6528,RVI
6529,RVLV
6530,RVMD
6531,RVNC
6532,RVNU
6533,RVP
6534,RVRS
6535,RVSB
6536,RVT
6537,RWCD
6538,RWDC
6539,RWDE
6540,RWED
6541,RWEOY
6542,RWGV
6543,RWIU
6544,RWJ
6545,RWK
6546,RWL
6547,RWLK
6548,RWLS
6549,RWM
6550,RWO
6551,RWR
6552,RWSL
6553,RWT
6554,RWUI
6555,RWVG
6556,RWW
6557,RWX
6558,RXD
6559,RXI
6560,RXL
6561,RXN
6562,RY
6563,RYAAY
6564,RYAM
6565,RYB
6566,RYCE
6567,RYCEY
6568,RYE
6569,RYF
6570,RYH
6571,RYI
6572,RYJ
6573,RYKKY
6574,RYLD
6575,RYN
6576,RYT
6577,RYTM
6578,RYU
6579,RYZZ
6580,RZG
6581,RZV
6582,S
6583,SA
6584,SAA
6585,SABR
6586,SACH
6587,SAEX
6588,SAFE
6589,SAFM
6590,SAFT
6591,SAGE
6592,SAGG
6593,SAH
6594,SAIA
6595,SAIC
6596,SAIL
6597,SAL
6598,SALM
6599,SALT
6600,SAM
6601,SAMA
6602,SAMG
6603,SAN
6604,SAND
6605,SANM
6606,SANW
6607,SAP
6608,SAQN
6609,SAR
6610,SASR
6611,SATS
6612,SAUC
6613,SAVA
6614,SAVE
6615,SAXPY
6616,SB
6617,SBAC
6618,SBB
6619,SBBP
6620,SBBX
6621,SBCF
6622,SBE
6623,SBFG
6624,SBGI
6625,SBGL
6626,SBH
6627,SBI
6628,SBIO
6629,SBLK
6630,SBM
6631,SBNY
6632,SBOW
6633,SBPH
6634,SBR
6635,SBRA
6636,SBRCY
6637,SBS
6638,SBSI
6639,SBSW
6640,SBT
6641,SBUG
6642,SBUX
6643,SC
6644,SCAP
6645,SCC
6646,SCCO
6647,SCD
6648,SCHA
6649,SCHB
6650,SCHC
6651,SCHD
6652,SCHE
6653,SCHF
6654,SCHG
6655,SCHH
6656,SCHI
6657,SCHJ
6658,SCHK
6659,SCHL
6660,SCHM
6661,SCHN
6662,SCHO
6663,SCHP
6664,SCHQ
6665,SCHR
6666,SCHV
6667,SCHW
6668,SCHX
6669,SCHYY
6670,SCHZ
6671,SCI
6672,SCID
6673,SCIJ
6674,SCIU
6675,SCIX
6676,SCJ
6677,SCKT
6678,SCL
6679,SCM
6680,SCMWY
6681,SCNB
6682,SCO
6683,SCOM
6684,SCON
6685,SCOR
6686,SCPE
6687,SCPH
6688,SCPL
6689,SCS
6690,SCSC
6691,SCU
6692,SCVL
6693,SCVX
6694,SCWX
6695,SCX
6696,SCYX
6697,SCZ
6698,SD
6699,SDAG
6700,SDC
6701,SDCI
6702,SDD
6703,SDEM
6704,SDG
6705,SDGA
6706,SDGR
6707,SDI
6708,SDIV
6709,SDOG
6710,SDOW
6711,SDP
6712,SDPI
6713,SDRL
6714,SDS
6715,SDVKY
6716,SDVY
6717,SDY
6718,SDYL
6719,SE
6720,SEA
6721,SEAC
6722,SEAS
6723,SEB
6724,SECO
6725,SECT
6726,SEDG
6727,SEE
6728,SEED
6729,SEEL
6730,SEF
6731,SEIC
6732,SEIX
6733,SEKEY
6734,SELB
6735,SELF
6736,SEM
6737,SEND
6738,SENEA
6739,SENEB
6740,SENS
6741,SEOAY
6742,SERV
6743,SES
6744,SESN
6745,SF
6746,SFBC
6747,SFBS
6748,SFE
6749,SFET
6750,SFHY
6751,SFIG
6752,SFIX
6753,SFL
6754,SFM
6755,SFNC
6756,SFST
6757,SFTBY
6758,SFTW
6759,SFUN
6760,SFY
6761,SFYF
6762,SFYX
6763,SG
6764,SGA
6765,SGAPY
6766,SGB
6767,SGBLY
6768,SGBX
6769,SGC
6770,SGDJ
6771,SGDM
6772,SGEN
6773,SGG
6774,SGH
6775,SGLB
6776,SGMA
6777,SGMO
6778,SGMS
6779,SGOC
6780,SGOL
6781,SGOV
6782,SGRP
6783,SGRY
6784,SGSOY
6785,SGTPY
6786,SGU
6787,SH
6788,SHAG
6789,SHAK
6790,SHBI
6791,SHCAY
6792,SHE
6793,SHECY
6794,SHEN
6795,SHG
6796,SHI
6797,SHIP
6798,SHLL
6799,SHLO
6800,SHLX
6801,SHM
6802,SHNY
6803,SHO
6804,SHOO
6805,SHOP
6806,SHSP
6807,SHV
6808,SHW
6809,SHY
6810,SHYD
6811,SHYF
6812,SHYG
6813,SHYL
6814,SHZHY
6815,SI
6816,SIBN
6817,SIC
6818,SID
6819,SIEB
6820,SIEGY
6821,SIEN
6822,SIF
6823,SIFY
6824,SIG
6825,SIGA
6826,SIGI
6827,SIJ
6828,SIL
6829,SILC
6830,SILJ
6831,SILK
6832,SILV
6833,SIM
6834,SIMO
6835,SIMS
6836,SINA
6837,SINO
6838,SINT
6839,SIRI
6840,SITC
6841,SITE
6842,SITM
6843,SITO
6844,SIVB
6845,SIVR
6846,SIX
6847,SIXA
6848,SIXH
6849,SIXL
6850,SIXS
6851,SIZE
6852,SJ
6853,SJB
6854,SJI
6855,SJM
6856,SJNK
6857,SJR
6858,SJT
6859,SJW
6860,SKF
6861,SKFRY
6862,SKHHY
6863,SKHSY
6864,SKM
6865,SKOR
6866,SKT
6867,SKX
6868,SKY
6869,SKYAY
6870,SKYS
6871,SKYW
6872,SKYY
6873,SLAB
6874,SLB
6875,SLCA
6876,SLCT
6877,SLDB
6878,SLF
6879,SLG
6880,SLGG
6881,SLGL
6882,SLGN
6883,SLIM
6884,SLLDY
6885,SLM
6886,SLNO
6887,SLP
6888,SLQD
6889,SLQT
6890,SLRC
6891,SLRX
6892,SLS
6893,SLT
6894,SLV
6895,SLVO
6896,SLVP
6897,SLX
6898,SLY
6899,SLYG
6900,SLYV
6901,SM
6902,SMAR
6903,SMB
6904,SMBC
6905,SMBK
6906,SMCAY
6907,SMCI
6908,SMCP
6909,SMDD
6910,SMDV
6911,SMDY
6912,SMED
6913,SMEZ
6914,SMFG
6915,SMFKY
6916,SMG
6917,SMGZY
6918,SMH
6919,SMHB
6920,SMHD
6921,SMHI
6922,SMIN
6923,SMIT
6924,SMLF
6925,SMLL
6926,SMLP
6927,SMLV
6928,SMM
6929,SMMC
6930,SMMD
6931,SMMF
6932,SMMT
6933,SMMU
6934,SMMV
6935,SMN
6936,SMNNY
6937,SMOG
6938,SMP
6939,SMPL
6940,SMRT
6941,SMSI
6942,SMTC
6943,SMTS
6944,SMTX
6945,SNA
6946,SNAP
6947,SNBR
6948,SNCA
6949,SNCR
6950,SND
6951,SNDE
6952,SNDL
6953,SNDR
6954,SNDX
6955,SNE
6956,SNES
6957,SNFCA
6958,SNGX
6959,SNLN
6960,SNMP
6961,SNMX
6962,SNN
6963,SNOA
6964,SNP
6965,SNPE
6966,SNPHY
6967,SNPS
6968,SNR
6969,SNSR
6970,SNSS
6971,SNUG
6972,SNV
6973,SNX
6974,SO
6975,SOCL
6976,SOGO
6977,SOHO
6978,SOHU
6979,SOI
6980,SOIL
6981,SOL
6982,SOLO
6983,SOLY
6984,SOMLY
6985,SOMMY
6986,SON
6987,SONA
6988,SONG
6989,SONM
6990,SONN
6991,SONO
6992,SONVY
6993,SOR
6994,SORL
6995,SOUHY
6996,SOVB
6997,SOXL
6998,SOXS
6999,SOXX
7000,SOYB
7001,SP
7002,SPAB
7003,SPAQ
7004,SPAR
7005,SPB
7006,SPBO
7007,SPCB
7008,SPCE
7009,SPDN
7010,SPDV
7011,SPDW
7012,SPE
7013,SPEM
7014,SPEU
7015,SPEX
7016,SPFF
7017,SPFI
7018,SPG
7019,SPGI
7020,SPGM
7021,SPGP
7022,SPH
7023,SPHB
7024,SPHD
7025,SPHQ
7026,SPHS
7027,SPHY
7028,SPI
7029,SPIB
7030,SPIP
7031,SPKE
7032,SPKKY
7033,SPLB
7034,SPLG
7035,SPLK
7036,SPLP
7037,SPLV
7038,SPMB
7039,SPMD
7040,SPMO
7041,SPMV
7042,SPN
7043,SPNE
7044,SPNS
7045,SPOK
7046,SPOT
7047,SPPI
7048,SPPP
7049,SPR
7050,SPRO
7051,SPRT
7052,SPSB
7053,SPSC
7054,SPSK
7055,SPSM
7056,SPT
7057,SPTI
7058,SPTL
7059,SPTM
7060,SPTN
7061,SPTS
7062,SPUN
7063,SPUS
7064,SPUU
7065,SPVM
7066,SPVU
7067,SPWH
7068,SPWR
7069,SPXB
7070,SPXC
7071,SPXCY
7072,SPXE
7073,SPXL
7074,SPXN
7075,SPXS
7076,SPXT
7077,SPXU
7078,SPXV
7079,SPXX
7080,SPY
7081,SPYB
7082,SPYD
7083,SPYG
7084,SPYV
7085,SPYX
7086,SQ
7087,SQBG
7088,SQEW
7089,SQLV
7090,SQM
7091,SQQQ
7092,SR
7093,SRAC
7094,SRAX
7095,SRC
7096,SRCE
7097,SRCL
7098,SRDX
7099,SRE
7100,SRET
7101,SREV
7102,SRF
7103,SRG
7104,SRI
7105,SRL
7106,SRLN
7107,SRLP
7108,SRNE
7109,SRPT
7110,SRRA
7111,SRRK
7112,SRS
7113,SRT
7114,SRTS
7115,SRTY
7116,SRV
7117,SRVR
7118,SSB
7119,SSBI
7120,SSD
7121,SSDOY
7122,SSEZY
7123,SSG
7124,SSI
7125,SSKN
7126,SSL
7127,SSLY
7128,SSMXY
7129,SSNC
7130,SSNT
7131,SSO
7132,SSP
7133,SSPK
7134,SSPY
7135,SSREY
7136,SSRM
7137,SSSS
7138,SSTI
7139,SSTK
7140,SSUMY
7141,SSUS
7142,SSW
7143,SSY
7144,SSYS
7145,ST
7146,STAA
7147,STAF
7148,STAG
7149,STAR
7150,STAY
7151,STBA
7152,STBFY
7153,STC
7154,STCN
7155,STE
7156,STFC
7157,STG
7158,STIM
7159,STIP
7160,STK
7161,STKL
7162,STKS
7163,STL
7164,STLC
7165,STLD
7166,STLG
7167,STLV
7168,STM
7169,STMB
7170,STML
7171,STMP
7172,STN
7173,STND
7174,STNE
7175,STNG
7176,STOK
7177,STON
7178,STOR
7179,STOT
7180,STPP
7181,STPZ
7182,STRA
7183,STRL
7184,STRM
7185,STRO
7186,STRS
7187,STRT
7188,STSA
7189,STSB
7190,STT
7191,STWD
7192,STX
7193,STXB
7194,STXS
7195,STZ.B
7196,STZ
7197,SU
7198,SUB
7199,SUBCY
7200,SUHJY
7201,SUI
7202,SUM
7203,SUMR
7204,SUN
7205,SUNS
7206,SUNW
7207,SUP
7208,SUPN
7209,SUPV
7210,SURF
7211,SUSA
7212,SUSB
7213,SUSC
7214,SUSL
7215,SUZ
7216,SVBI
7217,SVC
7218,SVM
7219,SVMK
7220,SVNDY
7221,SVNLY
7222,SVRA
7223,SVT
7224,SVU
7225,SVVC
7226,SVXY
7227,SWAN
7228,SWAV
7229,SWBI
7230,SWCH
7231,SWDBY
7232,SWGAY
7233,SWI
7234,SWIN
7235,SWIR
7236,SWK
7237,SWKH
7238,SWKS
7239,SWM
7240,SWN
7241,SWRAY
7242,SWTX
7243,SWX
7244,SWZ
7245,SXC
7246,SXI
7247,SXT
7248,SXTC
7249,SY
7250,SYBT
7251,SYBX
7252,SYE
7253,SYF
7254,SYG
7255,SYIEY
7256,SYK
7257,SYKE
7258,SYLD
7259,SYN
7260,SYNA
7261,SYNC
7262,SYNH
7263,SYNL
7264,SYNT
7265,SYPR
7266,SYRS
7267,SYV
7268,SYX
7269,SYY
7270,SZC
7271,SZK
7272,SZKMY
7273,SZNE
7274,T
7275,TA
7276,TAAG
7277,TAC
7278,TACO
7279,TACT
7280,TADS
7281,TAEQ
7282,TAGS
7283,TAIL
7284,TAIT
7285,TAK
7286,TAL
7287,TALO
7288,TAN
7289,TANH
7290,TAO
7291,TAOP
7292,TAP.A
7293,TAP
7294,TAPR
7295,TARA
7296,TARO
7297,TAST
7298,TAT
7299,TATT
7300,TATYY
7301,TAWK
7302,TAXF
7303,TAYD
7304,TBBK
7305,TBF
7306,TBI
7307,TBIO
7308,TBK
7309,TBLT
7310,TBLU
7311,TBND
7312,TBNK
7313,TBPH
7314,TBT
7315,TBX
7316,TC
7317,TCBI
7318,TCBK
7319,TCCO
7320,TCDA
7321,TCEHY
7322,TCF
7323,TCFC
7324,TCHF
7325,TCI
7326,TCMD
7327,TCO
7328,TCOM
7329,TCON
7330,TCP
7331,TCPC
7332,TCRD
7333,TCRR
7334,TCS
7335,TCTL
7336,TCX
7337,TD
7338,TDAC
7339,TDC
7340,TDF
7341,TDG
7342,TDIV
7343,TDOC
7344,TDS
7345,TDTF
7346,TDTT
7347,TDV
7348,TDW
7349,TDY
7350,TEAF
7351,TEAM
7352,TECB
7353,TECD
7354,TECH
7355,TECK
7356,TECL
7357,TECS
7358,TEDU
7359,TEF
7360,TEGS
7361,TEI
7362,TEL
7363,TELA
7364,TELL
7365,TELNY
7366,TEN
7367,TENB
7368,TENX
7369,TEO
7370,TER
7371,TERM
7372,TERP
7373,TESS
7374,TEUM
7375,TEVA
7376,TEX
7377,TFC
7378,TFFP
7379,TFI
7380,TFII
7381,TFIV
7382,TFLO
7383,TFLT
7384,TFSL
7385,TFX
7386,TG
7387,TGA
7388,TGB
7389,TGC
7390,TGE
7391,TGEN
7392,TGH
7393,TGI
7394,TGLS
7395,TGNA
7396,TGP
7397,TGS
7398,TGT
7399,TGTX
7400,TH
7401,THBR
7402,THC
7403,THCA
7404,THCB
7405,THCX
7406,THD
7407,THFF
7408,THG
7409,THM
7410,THMO
7411,THNQ
7412,THO
7413,THOR
7414,THQ
7415,THR
7416,THRM
7417,THS
7418,THTX
7419,THW
7420,TIBR
7421,TIF
7422,TIG
7423,TIGO
7424,TIGR
7425,TILE
7426,TILT
7427,TIP
7428,TIPT
7429,TIPX
7430,TIPZ
7431,TISI
7432,TITN
7433,TIVO
7434,TJX
7435,TK
7436,TKC
7437,TKKS
7438,TKOMY
7439,TKR
7440,TLC
7441,TLDH
7442,TLEH
7443,TLF
7444,TLGT
7445,TLH
7446,TLI
7447,TLK
7448,TLRA
7449,TLRD
7450,TLRY
7451,TLSA
7452,TLSNY
7453,TLT
7454,TLTD
7455,TLTE
7456,TLYS
7457,TM
7458,TMBR
7459,TMDI
7460,TMDV
7461,TMDX
7462,TME
7463,TMF
7464,TMFC
7465,TMHC
7466,TMO
7467,TMP
7468,TMQ
7469,TMSNY
7470,TMSR
7471,TMST
7472,TMUS
7473,TMV
7474,TNA
7475,TNAV
7476,TNC
7477,TNDM
7478,TNET
7479,TNK
7480,TNP
7481,TNXP
7482,TOCA
7483,TOELY
7484,TOK
7485,TOKE
7486,TOL
7487,TOLZ
7488,TOO
7489,TOPS
7490,TORC
7491,TOTA
7492,TOTL
7493,TOUR
7494,TOWN
7495,TPAY
7496,TPB
7497,TPC
7498,TPCO
7499,TPH
7500,TPHD
7501,TPHS
7502,TPIC
7503,TPIF
7504,TPL
7505,TPLC
7506,TPOR
7507,TPR
7508,TPRE
7509,TPSC
7510,TPTX
7511,TPVG
7512,TPX
7513,TPYP
7514,TPZ
7515,TQQQ
7516,TR
7517,TRC
7518,TRCH
7519,TREC
7520,TREE
7521,TREX
7522,TRGP
7523,TRHC
7524,TRI
7525,TRIB
7526,TRIL
7527,TRIP
7528,TRMB
7529,TRMD
7530,TRMK
7531,TRMT
7532,TRN
7533,TRND
7534,TRNE
7535,TRNO
7536,TRNS
7537,TRNX
7538,TROV
7539,TROW
7540,TROX
7541,TRP
7542,TRPX
7543,TRQ
7544,TRS
7545,TRST
7546,TRT
7547,TRTN
7548,TRTX
7549,TRTY
7550,TRU
7551,TRUE
7552,TRUP
7553,TRV
7554,TRVG
7555,TRVI
7556,TRVN
7557,TRWH
7558,TRX
7559,TRXC
7560,TRYIY
7561,TS
7562,TSBK
7563,TSC
7564,TSCDY
7565,TSCO
7566,TSE
7567,TSEM
7568,TSG
7569,TSI
7570,TSLA
7571,TSLF
7572,TSLX
7573,TSM
7574,TSN
7575,TSQ
7576,TSRI
7577,TSRO
7578,TSU
7579,TT
7580,TTAC
7581,TTAI
7582,TTC
7583,TTD
7584,TTDKY
7585,TTEC
7586,TTEK
7587,TTGT
7588,TTI
7589,TTM
7590,TTMI
7591,TTNDY
7592,TTNP
7593,TTOO
7594,TTP
7595,TTPH
7596,TTT
7597,TTTN
7598,TTWO
7599,TU
7600,TUES
7601,TUFN
7602,TUP
7603,TUR
7604,TURN
7605,TUSA
7606,TUSK
7607,TV
7608,TVIX
7609,TVIZ
7610,TVTY
7611,TW
7612,TWI
7613,TWIN
7614,TWLO
7615,TWM
7616,TWMC
7617,TWN
7618,TWNK
7619,TWO
7620,TWOU
7621,TWST
7622,TWTR
7623,TX
7624,TXG
7625,TXMD
7626,TXN
7627,TXRH
7628,TXT
7629,TY
7630,TYBS
7631,TYD
7632,TYG
7633,TYHT
7634,TYL
7635,TYME
7636,TYO
7637,TZA
7638,TZAC
7639,TZOO
7640,UA
7641,UAA
7642,UAE
7643,UAG
7644,UAL
7645,UAMY
7646,UAN
7647,UAPR
7648,UAUD
7649,UAUG
7650,UAVS
7651,UBA
7652,UBCP
7653,UBER
7654,UBFO
7655,UBG
7656,UBIO
7657,UBNK
7658,UBOH
7659,UBOT
7660,UBP
7661,UBR
7662,UBS
7663,UBSI
7664,UBT
7665,UBX
7666,UCBA
7667,UCBI
7668,UCC
7669,UCFC
7670,UCHF
7671,UCI
7672,UCIB
7673,UCL
7674,UCO
7675,UCOM
7676,UCON
7677,UCTT
7678,UDEC
7679,UDN
7680,UDOW
7681,UDR
7682,UE
7683,UEC
7684,UEIC
7685,UEPS
7686,UEUR
7687,UEVM
7688,UFAB
7689,UFCS
7690,UFEB
7691,UFI
7692,UFO
7693,UFPI
7694,UFPT
7695,UFS
7696,UG
7697,UGA
7698,UGAZ
7699,UGBP
7700,UGE
7701,UGI
7702,UGL
7703,UGLD
7704,UGP
7705,UHAL
7706,UHN
7707,UHS
7708,UHT
7709,UI
7710,UIHC
7711,UIS
7712,UITB
7713,UIVM
7714,UJAN
7715,UJB
7716,UJPY
7717,UJUL
7718,UJUN
7719,UL
7720,ULBI
7721,ULBR
7722,ULE
7723,ULH
7724,ULST
7725,ULTA
7726,ULTR
7727,ULVM
7728,UMAR
7729,UMAY
7730,UMBF
7731,UMC
7732,UMDD
7733,UMH
7734,UMICY
7735,UMPQ
7736,UMRX
7737,UN
7738,UNAM
7739,UNB
7740,UNF
7741,UNFI
7742,UNG
7743,UNH
7744,UNICY
7745,UNIT
7746,UNL
7747,UNM
7748,UNOV
7749,UNP
7750,UNT
7751,UNTY
7752,UNVR
7753,UOCT
7754,UONE
7755,UONEK
7756,UOVEY
7757,UPLD
7758,UPRO
7759,UPS
7760,UPV
7761,UPW
7762,UPWK
7763,URA
7764,URBN
7765,URE
7766,URG
7767,URGN
7768,URI
7769,URNM
7770,UROV
7771,URR
7772,URTH
7773,URTY
7774,USA
7775,USAC
7776,USAG
7777,USAI
7778,USAK
7779,USAP
7780,USAS
7781,USAU
7782,USB
7783,USCI
7784,USCR
7785,USD
7786,USDP
7787,USDU
7788,USDY
7789,USEG
7790,USEP
7791,USEQ
7792,USFD
7793,USFR
7794,USHG
7795,USHY
7796,USI
7797,USIG
7798,USIO
7799,USL
7800,USLB
7801,USLM
7802,USLV
7803,USM
7804,USMC
7805,USMF
7806,USMV
7807,USNA
7808,USO
7809,USOI
7810,USPH
7811,USRT
7812,USSG
7813,UST
7814,USTB
7815,USV
7816,USVM
7817,USWS
7818,USX
7819,UTES
7820,UTF
7821,UTG
7822,UTHR
7823,UTI
7824,UTL
7825,UTLF
7826,UTMD
7827,UTRN
7828,UTSI
7829,UTSL
7830,UTX
7831,UUGRY
7832,UUP
7833,UUU
7834,UUUU
7835,UVE
7836,UVSP
7837,UVV
7838,UVXY
7839,UWM
7840,UWT
7841,UXI
7842,UXIN
7843,UYG
7844,UYM
7845,V
7846,VAC
7847,VAL
7848,VALE
7849,VALQ
7850,VALT
7851,VALU
7852,VALX
7853,VAM
7854,VAMO
7855,VAPO
7856,VAR
7857,VAW
7858,VB
7859,VBF
7860,VBFC
7861,VBIV
7862,VBK
7863,VBLT
7864,VBND
7865,VBR
7866,VBTX
7867,VC
7868,VCEL
7869,VCF
7870,VCIF
7871,VCIT
7872,VCLT
7873,VCNX
7874,VCR
7875,VCRA
7876,VCSH
7877,VCTR
7878,VCV
7879,VCYT
7880,VDC
7881,VDE
7882,VDMCY
7883,VEA
7884,VEC
7885,VECO
7886,VEDL
7887,VEEV
7888,VEGA
7889,VEGI
7890,VEGN
7891,VEL
7892,VEON
7893,VER
7894,VERB
7895,VERI
7896,VERO
7897,VERU
7898,VERY
7899,VET
7900,VETS
7901,VEU
7902,VFC
7903,VFF
7904,VFH
7905,VFL
7906,VFLQ
7907,VFMF
7908,VFMO
7909,VFMV
7910,VFQY
7911,VFVA
7912,VG
7913,VGFO
7914,VGI
7915,VGIT
7916,VGK
7917,VGLT
7918,VGM
7919,VGR
7920,VGSH
7921,VGT
7922,VGZ
7923,VHC
7924,VHI
7925,VHT
7926,VIAC
7927,VIACA
7928,VIAV
7929,VICI
7930,VICR
7931,VIDI
7932,VIE
7933,VIG
7934,VIGI
7935,VIIX
7936,VIIZ
7937,VIOG
7938,VIOO
7939,VIOT
7940,VIOV
7941,VIPS
7942,VIR
7943,VIRC
7944,VIRT
7945,VIS
7946,VISL
7947,VIST
7948,VIV
7949,VIVE
7950,VIVO
7951,VIXM
7952,VIXY
7953,VJET
7954,VKI
7955,VKQ
7956,VKTX
7957,VLGEA
7958,VLO
7959,VLP
7960,VLRS
7961,VLRX
7962,VLT
7963,VLU
7964,VLUE
7965,VLVLY
7966,VLY
7967,VMAX
7968,VMBS
7969,VMC
7970,VMD
7971,VMI
7972,VMM
7973,VMO
7974,VMOT
7975,VMW
7976,VNCE
7977,VNDA
7978,VNE
7979,VNET
7980,VNLA
7981,VNM
7982,VNO
7983,VNOM
7984,VNQ
7985,VNQI
7986,VNRX
7987,VNTR
7988,VO
7989,VOC
7990,VOD
7991,VOE
7992,VOLT
7993,VONE
7994,VONG
7995,VONV
7996,VOO
7997,VOOG
7998,VOOV
7999,VOT
8000,VOX
8001,VOXX
8002,VOYA
8003,VPC
8004,VPG
8005,VPL
8006,VPU
8007,VPV
8008,VQT
8009,VRA
8010,VRAI
8011,VRAY
8012,VRCA
8013,VREX
8014,VRIG
8015,VRM
8016,VRML
8017,VRNA
8018,VRNS
8019,VRNT
8020,VRP
8021,VRRM
8022,VRS
8023,VRSK
8024,VRSN
8025,VRT
8026,VRTS
8027,VRTU
8028,VRTV
8029,VRTX
8030,VSAT
8031,VSDA
8032,VSEC
8033,VSGX
8034,VSH
8035,VSL
8036,VSLR
8037,VSMV
8038,VSS
8039,VST
8040,VSTM
8041,VSTO
8042,VT
8043,VTA
8044,VTC
8045,VTEB
8046,VTGN
8047,VTHR
8048,VTI
8049,VTIP
8050,VTIQ
8051,VTN
8052,VTNR
8053,VTOL
8054,VTR
8055,VTSI
8056,VTV
8057,VTVT
8058,VTWG
8059,VTWO
8060,VTWV
8061,VUG
8062,VUSE
8063,VUZI
8064,VV
8065,VVC
8066,VVI
8067,VVNT
8068,VVPR
8069,VVR
8070,VVUS
8071,VVV
8072,VWAGY
8073,VWDRY
8074,VWO
8075,VWOB
8076,VXF
8077,VXRT
8078,VXUS
8079,VXX
8080,VXZ
8081,VYGR
8082,VYM
8083,VYMI
8084,VZ
8085,W
8086,WAAS
8087,WAB
8088,WABC
8089,WAFD
8090,WAFU
8091,WAL
8092,WANT
8093,WARFY
8094,WASH
8095,WAT
8096,WATT
8097,WB
8098,WBA
8099,WBAI
8100,WBAL
8101,WBC
8102,WBIE
8103,WBIF
8104,WBIG
8105,WBII
8106,WBIL
8107,WBIN
8108,WBIT
8109,WBIY
8110,WBK
8111,WBND
8112,WBS
8113,WBT
8114,WCC
8115,WCG
8116,WCHN
8117,WCLD
8118,WCN
8119,WD
8120,WDAY
8121,WDC
8122,WDFC
8123,WDIV
8124,WDR
8125,WDRW
8126,WEA
8127,WEAT
8128,WEBK
8129,WEBL
8130,WEBS
8131,WEC
8132,WEGRY
8133,WEI
8134,WEICY
8135,WELL
8136,WEN
8137,WERN
8138,WES
8139,WETF
8140,WEX
8141,WEYS
8142,WF
8143,WFC
8144,WFHY
8145,WFIG
8146,WGO
8147,WH
8148,WHD
8149,WHF
8150,WHG
8151,WHLM
8152,WHLR
8153,WHR
8154,WIA
8155,WIFI
8156,WIL
8157,WILC
8158,WIMHY
8159,WIMI
8160,WINA
8161,WINC
8162,WING
8163,WINS
8164,WINT
8165,WIP
8166,WIRE
8167,WISA
8168,WIT
8169,WIW
8170,WIX
8171,WIZ
8172,WJRYY
8173,WK
8174,WKEY
8175,WKHS
8176,WLDBF
8177,WLDN
8178,WLDR
8179,WLFC
8180,WLH
8181,WLK
8182,WLKP
8183,WLL
8184,WLTW
8185,WM
8186,WMB
8187,WMC
8188,WMG
8189,WMGI
8190,WMK
8191,WMS
8192,WMT
8193,WNC
8194,WNEB
8195,WNGRF
8196,WNS
8197,WOMN
8198,WOOD
8199,WOPEY
8200,WOR
8201,WORK
8202,WORX
8203,WOW
8204,WPC
8205,WPG
8206,WPM
8207,WPP
8208,WPRT
8209,WPS
8210,WPX
8211,WPZ
8212,WRB
8213,WRE
8214,WRI
8215,WRK
8216,WRLD
8217,WRLS
8218,WRN
8219,WRTC
8220,WSBC
8221,WSBF
8222,WSC
8223,WSFS
8224,WSG
8225,WSM
8226,WSO.B
8227,WSO
8228,WSR
8229,WST
8230,WSTG
8231,WSTL
8232,WTBA
8233,WTBDY
8234,WTER
8235,WTFC
8236,WTI
8237,WTID
8238,WTIU
8239,WTKWY
8240,WTM
8241,WTMF
8242,WTR
8243,WTRE
8244,WTRG
8245,WTRH
8246,WTS
8247,WTT
8248,WTTR
8249,WU
8250,WUBA
8251,WUGI
8252,WVE
8253,WVFC
8254,WVVI
8255,WW
8256,WWD
8257,WWE
8258,WWJD
8259,WWR
8260,WWW
8261,WY
8262,WYND
8263,WYNN
8264,WYY
8265,X
8266,XAIR
8267,XAN
8268,XAR
8269,XBI
8270,XBIO
8271,XBIT
8272,XBUY
8273,XCEM
8274,XCOM
8275,XCRA
8276,XCUR
8277,XDIV
8278,XEC
8279,XEL
8280,XELA
8281,XELB
8282,XENE
8283,XENT
8284,XERS
8285,XES
8286,XFLT
8287,XFOR
8288,XGN
8289,XHB
8290,XHE
8291,XHR
8292,XHS
8293,XIN
8294,XITK
8295,XL
8296,XLB
8297,XLC
8298,XLE
8299,XLF
8300,XLG
8301,XLI
8302,XLK
8303,XLNX
8304,XLP
8305,XLRE
8306,XLRN
8307,XLSR
8308,XLU
8309,XLV
8310,XLY
8311,XME
8312,XMHQ
8313,XMLV
8314,XMMO
8315,XMPT
8316,XMVM
8317,XNCR
8318,XNET
8319,XNTK
8320,XOG
8321,XOM
8322,XOMA
8323,XON
8324,XONE
8325,XOP
8326,XOUT
8327,XOXO
8328,XP
8329,XPEL
8330,XPER
8331,XPH
8332,XPL
8333,XPLR
8334,XPO
8335,XPP
8336,XRAY
8337,XRF
8338,XRLV
8339,XRM
8340,XRT
8341,XRX
8342,XSD
8343,XSHD
8344,XSHQ
8345,XSLV
8346,XSMO
8347,XSOE
8348,XSPA
8349,XSVM
8350,XSW
8351,XT
8352,XTH
8353,XTL
8354,XTN
8355,XTNT
8356,XVZ
8357,XWEB
8358,XXII
8359,XYF
8360,XYL
8361,Y
8362,YAHOY
8363,YANG
8364,YAYO
8365,YCBD
8366,YCL
8367,YCOM
8368,YCS
8369,YELP
8370,YESR
8371,YETI
8372,YEXT
8373,YGRN
8374,YGYI
8375,YI
8376,YIN
8377,YINN
8378,YJ
8379,YLCO
8380,YLD
8381,YLDE
8382,YMAB
8383,YNDX
8384,YOLO
8385,YORW
8386,YPF
8387,YRCW
8388,YRD
8389,YTEN
8390,YTRA
8391,YUM
8392,YUMA
8393,YUMC
8394,YVR
8395,YXI
8396,YY
8397,YYY
8398,Z
8399,ZAGG
8400,ZAYO
8401,ZBH
8402,ZBIO
8403,ZBRA
8404,ZCAN
8405,ZCMD
8406,ZDEU
8407,ZDGE
8408,ZEAL
8409,ZEN
8410,ZEUS
8411,ZFGN
8412,ZG
8413,ZGBR
8414,ZGNX
8415,ZGYH
8416,ZHOK
8417,ZI
8418,ZIG
8419,ZION
8420,ZIOP
8421,ZIV
8422,ZIXI
8423,ZJPN
8424,ZKIN
8425,ZLAB
8426,ZM
8427,ZMLP
8428,ZN
8429,ZNGA
8430,ZNH
8431,ZNTL
8432,ZOM
8433,ZROZ
8434,ZS
8435,ZSAN
8436,ZSL
8437,ZTCOY
8438,ZTO
8439,ZTR
8440,ZTS
8441,ZUMZ
8442,ZUO
8443,ZURVY
8444,ZVO
8445,ZYME
8446,ZYNE
8447,ZYXI
8448,_OUT
8449,_PRN
